1,84082,"aprovado",119.00,0.00,"2014-04-01 08:37:32","2014-04-01 08:33:50"
2,84089,"aprovado",220.00,0.00,"2014-04-01 10:10:36","2014-04-01 10:06:42"
3,84092,"aprovado",6369.60,0.00,"2014-04-01 10:32:37","2014-04-01 10:29:13"
4,84101,"aprovado",3840.10,0.00,"2014-04-01 11:49:42","2014-04-01 11:46:17"
5,84102,"aprovado",439.50,0.00,"2014-04-01 11:52:38","2014-04-01 11:48:43"
6,84105,"aprovado",236.00,0.00,"2014-04-01 12:21:37","2014-04-01 12:18:02"
7,84106,"aprovado",119.00,0.00,"2014-04-03 07:04:59","2014-04-01 12:27:06"
8,84112,"aprovado",150.00,0.00,"2014-04-03 07:05:01","2014-04-01 14:22:14"
9,84114,"aprovado",10.00,0.00,"2014-04-03 07:05:02","2014-04-01 14:31:49"
10,84116,"aprovado",768.00,0.00,"2014-04-01 14:59:41","2014-04-01 14:55:33"
11,84117,"aprovado",1756.90,0.00,"2014-04-01 15:02:42","2014-04-01 14:59:13"
12,84118,"aprovado",165.63,0.00,"2014-04-01 15:03:40","2014-04-01 14:59:45"
13,84119,"aprovado",330.24,0.00,"2014-04-01 15:37:41","2014-04-01 15:34:00"
14,84120,"aprovado",670.20,0.00,"2014-04-01 16:16:43","2014-04-01 16:13:29"
15,84122,"aprovado",335.64,0.00,"2014-04-01 16:28:44","2014-04-01 16:25:36"
16,84125,"aprovado",5378.91,0.00,"2014-04-01 18:23:44","2014-04-01 18:19:37"
17,84130,"aprovado",2759.40,0.00,"2014-04-01 18:25:49","2014-04-01 18:22:25"
18,84129,"aprovado",162.00,0.00,"2014-04-01 18:25:48","2014-04-01 18:22:21"
19,84131,"aprovado",371.76,0.00,"2014-04-01 18:43:49","2014-04-01 18:40:08"
20,84132,"aprovado",799.00,0.00,"2014-04-01 19:52:46","2014-04-01 19:49:17"
21,84134,"aprovado",537.30,0.00,"2014-04-01 20:43:49","2014-04-01 20:40:09"
22,84135,"aprovado",637.26,0.00,"2014-04-01 21:17:50","2014-04-01 21:14:32"
23,84136,"aprovado",2998.00,0.00,"2014-04-03 07:05:08","2014-04-01 22:24:13"
24,84137,"aprovado",621.12,0.00,"2014-04-01 22:29:51","2014-04-01 22:26:04"
25,84139,"aprovado",318.66,0.00,"2014-04-01 22:47:51","2014-04-01 22:44:19"
26,84140,"aprovado",225.00,0.00,"2014-04-02 07:31:04","2014-04-02 07:27:26"
27,84147,"aprovado",399.00,0.00,"2014-04-02 10:09:05","2014-04-02 10:05:33"
28,84148,"aprovado",59.00,0.00,"2014-04-02 10:21:06","2014-04-02 10:17:49"
29,84149,"aprovado",1039.40,0.00,"2014-04-02 10:50:08","2014-04-02 10:46:50"
30,84150,"aprovado",1484.88,0.00,"2014-04-02 10:56:06","2014-04-02 10:52:15"
31,84158,"aprovado",331.26,0.00,"2014-04-02 14:08:09","2014-04-02 14:04:03"
32,84161,"aprovado",2972.94,0.00,"2014-04-02 15:48:13","2014-04-02 15:44:27"
33,84162,"aprovado",0.00,59.00,"2014-04-02 15:50:34","2014-04-02 15:50:34"
34,84163,"aprovado",459.00,0.00,"2014-04-02 16:45:10","2014-04-02 16:41:07"
35,84170,"aprovado",0.00,118.00,"2014-04-02 18:28:29","2014-04-02 18:28:29"
36,84168,"aprovado",330.24,0.00,"2014-04-02 18:06:16","2014-04-02 18:02:55"
37,84171,"aprovado",248.46,0.00,"2014-04-02 19:18:16","2014-04-02 19:14:42"
38,84172,"aprovado",248.46,0.00,"2014-04-02 19:25:17","2014-04-02 19:21:36"
39,84173,"aprovado",637.26,0.00,"2014-04-02 20:30:17","2014-04-02 20:26:26"
40,84174,"aprovado",476.19,0.00,"2014-04-02 22:23:21","2014-04-02 22:19:53"
41,84175,"aprovado",248.46,0.00,"2014-04-03 09:09:38","2014-04-02 23:12:40"
42,84176,"aprovado",59.00,0.00,"2014-04-02 23:24:24","2014-04-02 23:20:42"
43,84177,"aprovado",221.00,0.00,"2014-04-04 07:04:45","2014-04-02 23:52:26"
44,84178,"aprovado",1756.90,0.00,"2014-04-03 00:01:19","2014-04-02 23:57:54"
45,84179,"aprovado",163.00,0.00,"2014-04-03 00:03:20","2014-04-02 23:59:41"
46,84180,"aprovado",122.16,0.00,"2014-04-03 01:24:22","2014-04-03 00:20:03"
47,84181,"aprovado",10.00,0.00,"2014-04-03 00:37:20","2014-04-03 00:33:20"
48,84182,"aprovado",119.00,0.00,"2014-04-04 07:04:46","2014-04-03 05:12:17"
49,84185,"aprovado",227.73,0.00,"2014-04-03 08:39:38","2014-04-03 08:36:14"
50,84186,"aprovado",45.00,0.00,"2014-04-03 09:40:41","2014-04-03 09:36:32"
51,84188,"aprovado",207.00,0.00,"2014-04-03 10:04:41","2014-04-03 10:00:58"
52,84190,"aprovado",284.60,0.00,"2014-04-03 10:12:42","2014-04-03 10:09:17"
53,84191,"aprovado",0.00,199.00,"2014-04-03 10:20:42","2014-04-03 10:20:42"
54,84195,"aprovado",1299.00,0.00,"2014-04-05 07:05:01","2014-04-03 10:48:33"
55,84202,"aprovado",800.00,0.00,"2014-04-03 11:49:42","2014-04-03 11:46:06"
56,84203,"aprovado",0.00,119.00,"2014-04-03 12:03:28","2014-04-03 12:03:28"
57,84204,"aprovado",1398.00,0.00,"2014-04-05 07:05:01","2014-04-03 12:24:00"
58,84205,"aprovado",361.50,0.00,"2014-04-03 12:46:39","2014-04-03 12:43:24"
59,84207,"aprovado",59.00,0.00,"2014-04-04 07:04:59","2014-04-03 14:43:03"
60,84208,"aprovado",59.00,0.00,"2014-04-04 07:05:00","2014-04-03 14:45:06"
61,84209,"aprovado",59.00,0.00,"2014-04-04 07:05:00","2014-04-03 14:47:42"
62,84215,"aprovado",1599.00,0.00,"2014-04-03 15:42:42","2014-04-03 15:39:29"
63,84217,"aprovado",2854.60,0.00,"2014-04-03 15:44:41","2014-04-03 15:41:07"
64,84219,"aprovado",3997.00,0.00,"2014-04-05 07:05:05","2014-04-03 15:57:02"
65,84223,"aprovado",351.60,0.00,"2014-04-03 16:36:44","2014-04-03 16:33:11"
66,84224,"aprovado",20.00,300.00,"2014-04-04 07:05:03","2014-04-03 16:34:55"
67,84225,"aprovado",167.70,0.00,"2014-04-03 16:42:43","2014-04-03 16:38:51"
68,84226,"aprovado",222.00,0.00,"2014-04-04 07:05:04","2014-04-03 16:44:06"
69,84229,"aprovado",1299.00,0.00,"2014-04-05 07:05:08","2014-04-03 16:59:56"
70,84231,"aprovado",777.00,0.00,"2014-04-05 08:05:50","2014-04-03 17:04:36"
71,84237,"aprovado",702.10,0.00,"2014-04-03 18:26:46","2014-04-03 18:23:25"
72,84238,"aprovado",660.45,0.00,"2014-04-03 18:45:48","2014-04-03 18:42:33"
73,84239,"aprovado",118.00,0.00,"2014-04-03 18:54:47","2014-04-03 18:51:27"
74,84240,"aprovado",262.60,0.00,"2014-04-03 19:01:45","2014-04-03 18:58:03"
75,84241,"aprovado",677.64,0.00,"2014-04-03 19:30:49","2014-04-03 19:26:51"
76,84249,"aprovado",657.10,0.00,"2014-04-03 20:42:55","2014-04-03 20:39:16"
77,84254,"aprovado",701.00,0.00,"2014-04-03 21:02:10","2014-04-03 20:58:42"
78,84255,"aprovado",20.00,0.00,"2014-04-05 07:05:15","2014-04-03 21:00:40"
79,84258,"aprovado",349.00,0.00,"2014-04-03 22:44:59","2014-04-03 22:41:31"
80,84259,"aprovado",339.90,0.00,"2014-04-03 23:01:55","2014-04-03 22:58:04"
81,84261,"aprovado",118.00,0.00,"2014-04-04 00:57:04","2014-04-04 00:53:46"
82,84264,"aprovado",264.48,0.00,"2014-04-04 09:44:11","2014-04-04 02:25:53"
83,84266,"aprovado",59.00,0.00,"2014-04-05 07:05:16","2014-04-04 09:31:29"
84,84268,"aprovado",126.42,0.00,"2014-04-04 10:36:14","2014-04-04 10:32:07"
85,84270,"aprovado",954.84,0.00,"2014-04-04 10:50:15","2014-04-04 10:46:43"
86,84271,"aprovado",239.00,0.00,"2014-04-04 11:04:14","2014-04-04 11:00:19"
87,84272,"aprovado",548.30,0.00,"2014-04-04 11:38:13","2014-04-04 11:34:06"
88,84273,"aprovado",119.00,0.00,"2014-04-08 07:04:32","2014-04-04 14:20:45"
89,84274,"aprovado",1910.76,0.00,"2014-04-04 14:34:23","2014-04-04 14:30:23"
90,84275,"aprovado",75.00,0.00,"2014-04-08 07:04:33","2014-04-04 14:44:35"
91,84280,"aprovado",59.00,0.00,"2014-04-04 16:30:25","2014-04-04 16:27:06"
92,84281,"aprovado",123.18,0.00,"2014-04-04 16:47:22","2014-04-04 16:43:52"
93,84283,"aprovado",329.00,0.00,"2014-04-04 17:23:21","2014-04-04 17:19:36"
94,84284,"aprovado",0.00,118.00,"2014-04-04 17:21:11","2014-04-04 17:21:11"
95,84285,"aprovado",41.00,0.00,"2014-04-04 18:12:26","2014-04-04 18:08:49"
96,84288,"aprovado",320.00,0.00,"2014-04-07 10:00:40","2014-04-04 18:16:59"
97,84291,"aprovado",196.70,0.00,"2014-04-04 21:02:37","2014-04-04 20:59:04"
98,84295,"aprovado",393.40,0.00,"2014-04-04 21:32:28","2014-04-04 21:29:11"
99,84298,"aprovado",185.31,0.00,"2014-04-04 21:54:29","2014-04-04 21:51:03"
100,84305,"aprovado",350.50,0.00,"2014-04-04 22:34:32","2014-04-04 22:31:17"
101,84307,"aprovado",2598.00,0.00,"2014-04-05 10:02:47","2014-04-05 09:58:51"
102,84308,"aprovado",0.00,236.00,"2014-04-05 11:24:33","2014-04-05 11:24:33"
103,84309,"aprovado",160.00,0.00,"2014-04-08 07:04:44","2014-04-05 12:05:14"
104,84312,"aprovado",0.00,45.00,"2014-04-05 14:09:31","2014-04-05 14:09:31"
105,84350,"aprovado",118.00,0.00,"2014-04-05 21:25:58","2014-04-05 21:21:53"
106,84355,"aprovado",538.40,0.00,"2014-06-17 15:12:57","2014-04-05 23:34:20"
107,84356,"aprovado",413.00,0.00,"2014-04-05 23:46:00","2014-04-05 23:42:04"
108,84360,"aprovado",236.00,0.00,"2014-04-06 04:03:03","2014-04-06 03:59:11"
109,84363,"aprovado",1167.30,0.00,"2014-04-06 08:24:13","2014-04-06 08:20:26"
110,84364,"aprovado",118.00,0.00,"2014-04-06 10:08:16","2014-04-06 10:05:05"
111,84368,"aprovado",123.18,0.00,"2014-04-06 11:34:27","2014-04-06 11:30:23"
112,84371,"aprovado",163.00,0.00,"2014-04-06 12:03:18","2014-04-06 11:59:52"
113,84373,"aprovado",123.18,0.00,"2014-04-06 13:23:25","2014-04-06 13:19:19"
114,84374,"aprovado",739.26,0.00,"2014-04-06 13:42:23","2014-04-06 13:38:33"
115,84375,"aprovado",78.69,0.00,"2014-04-06 13:55:24","2014-04-06 13:51:47"
116,84376,"aprovado",162.00,0.00,"2014-04-06 14:01:26","2014-04-06 13:57:21"
117,84377,"aprovado",4793.00,0.00,"2014-04-06 14:58:18","2014-04-06 14:54:36"
118,84379,"aprovado",351.60,0.00,"2014-04-06 15:28:20","2014-04-06 15:25:02"
119,84380,"aprovado",118.00,0.00,"2014-04-06 15:35:20","2014-04-06 15:31:36"
120,84383,"aprovado",621.12,0.00,"2014-04-07 10:06:40","2014-04-06 16:09:58"
121,84385,"aprovado",177.00,0.00,"2014-04-06 17:37:22","2014-04-06 17:34:12"
122,84386,"aprovado",379.00,0.00,"2014-04-06 19:30:24","2014-04-06 19:26:18"
123,84387,"aprovado",206.01,0.00,"2014-04-06 19:30:25","2014-04-06 19:26:44"
124,84388,"aprovado",206.01,0.00,"2014-04-06 19:33:27","2014-04-06 19:30:17"
125,84389,"aprovado",123.18,0.00,"2014-04-06 20:17:27","2014-04-06 20:13:34"
126,84390,"aprovado",119.00,0.00,"2014-04-06 20:18:25","2014-04-06 20:14:42"
127,84391,"aprovado",75.00,0.00,"2014-04-06 21:42:27","2014-04-06 21:38:40"
128,84392,"aprovado",280.00,0.00,"2014-04-08 07:05:01","2014-04-06 22:02:39"
129,84393,"aprovado",320.00,0.00,"2014-04-06 22:31:33","2014-04-06 22:28:21"
130,84394,"aprovado",350.00,0.00,"2014-04-08 07:05:01","2014-04-06 22:35:49"
131,84396,"aprovado",123.18,0.00,"2014-04-06 23:38:29","2014-04-06 23:34:25"
132,84397,"aprovado",118.00,0.00,"2014-04-08 07:05:02","2014-04-06 23:37:50"
133,84398,"aprovado",119.00,0.00,"2014-04-06 23:44:29","2014-04-06 23:41:00"
134,84400,"aprovado",214.29,0.00,"2014-04-07 09:09:41","2014-04-07 09:05:56"
135,84407,"aprovado",240.00,0.00,"2014-04-07 10:47:41","2014-04-07 10:43:45"
136,84408,"aprovado",999.00,0.00,"2014-04-07 10:52:44","2014-04-07 10:48:58"
137,84412,"aprovado",1998.00,0.00,"2014-04-09 07:02:41","2014-04-07 11:00:18"
138,84416,"aprovado",219.00,0.00,"2014-04-07 11:35:45","2014-04-07 11:32:09"
139,84417,"aprovado",206.00,0.00,"2014-04-07 12:49:51","2014-04-07 11:45:29"
140,84418,"aprovado",219.00,0.00,"2014-04-07 11:56:45","2014-04-07 11:52:58"
141,84419,"aprovado",104.00,0.00,"2014-04-07 12:16:43","2014-04-07 12:12:39"
142,84420,"aprovado",330.00,0.00,"2014-04-07 12:20:46","2014-04-07 12:17:25"
143,84432,"aprovado",10.00,0.00,"2014-04-07 14:28:46","2014-04-07 14:25:00"
144,84437,"aprovado",119.00,0.00,"2014-04-07 14:57:48","2014-04-07 14:54:21"
145,84445,"aprovado",119.00,0.00,"2014-04-07 17:49:48","2014-04-07 15:13:26"
146,84446,"aprovado",946.00,0.00,"2014-04-07 15:26:49","2014-04-07 15:22:52"
147,84451,"aprovado",236.00,0.00,"2014-04-07 16:42:50","2014-04-07 16:39:25"
148,84453,"aprovado",236.00,0.00,"2014-04-07 17:05:56","2014-04-07 17:02:30"
149,84454,"aprovado",1867.90,0.00,"2014-04-08 16:59:17","2014-04-07 17:08:24"
150,84455,"aprovado",1867.90,0.00,"2014-04-08 15:22:15","2014-04-07 17:11:03"
151,84457,"aprovado",199.00,0.00,"2014-04-07 17:38:48","2014-04-07 17:35:07"
152,84458,"aprovado",599.00,0.00,"2014-04-07 18:38:57","2014-04-07 18:35:39"
153,84459,"aprovado",118.00,0.00,"2014-04-07 19:08:58","2014-04-07 19:05:13"
154,84460,"aprovado",220.00,0.00,"2014-04-07 20:57:57","2014-04-07 20:54:34"
155,84461,"aprovado",227.73,0.00,"2014-04-07 21:21:56","2014-04-07 21:18:30"
156,84462,"aprovado",3997.00,0.00,"2014-04-07 21:23:56","2014-04-07 21:19:49"
157,84463,"aprovado",1316.30,0.00,"2014-04-07 21:53:00","2014-04-07 21:49:46"
158,84464,"aprovado",1698.36,0.00,"2014-04-07 22:06:56","2014-04-07 22:03:26"
159,84465,"aprovado",1062.12,0.00,"2014-04-07 22:16:59","2014-04-07 22:13:38"
160,84466,"aprovado",1241.22,0.00,"2014-04-07 23:02:59","2014-04-07 22:59:43"
161,84469,"aprovado",469.00,0.00,"2014-04-09 07:02:46","2014-04-08 07:41:41"
162,84471,"aprovado",739.14,0.00,"2014-04-08 09:38:10","2014-04-08 09:34:55"
163,84474,"aprovado",1061.10,0.00,"2014-04-08 10:42:12","2014-04-08 10:38:53"
164,84475,"aprovado",129.70,0.00,"2014-04-08 11:16:11","2014-04-08 11:12:26"
165,84476,"aprovado",10.00,0.00,"2014-04-08 11:20:12","2014-04-08 11:16:22"
166,84479,"aprovado",828.15,0.00,"2014-04-08 12:02:12","2014-04-08 11:58:37"
167,84515,"aprovado",2196.40,0.00,"2014-04-08 17:18:17","2014-04-08 17:01:13"
168,84527,"aprovado",6794.46,0.00,"2014-04-08 19:32:21","2014-04-08 19:28:31"
169,84528,"aprovado",1599.00,0.00,"2014-04-08 20:22:23","2014-04-08 20:18:52"
170,84529,"aprovado",11.00,0.00,"2014-04-08 21:24:28","2014-04-08 21:20:18"
171,84536,"aprovado",219.84,0.00,"2014-04-08 21:34:34","2014-04-08 21:30:44"
172,84538,"aprovado",190.00,0.00,"2014-04-08 21:58:35","2014-04-08 21:54:45"
173,84544,"aprovado",240.00,0.00,"2014-04-10 07:04:37","2014-04-08 22:32:30"
174,84542,"aprovado",210.00,0.00,"2014-04-08 22:01:37","2014-04-08 21:58:13"
175,84553,"aprovado",0.00,330.00,"2014-04-09 10:21:14","2014-04-09 10:21:14"
176,84555,"aprovado",299.00,0.00,"2014-04-09 11:45:50","2014-04-09 11:42:19"
177,84561,"aprovado",2069.37,0.00,"2014-04-09 16:56:51","2014-04-09 14:18:42"
178,84563,"aprovado",1062.12,0.00,"2014-04-09 14:24:50","2014-04-09 14:20:55"
179,84567,"aprovado",329.00,0.00,"2014-04-09 15:35:52","2014-04-09 15:32:17"
180,84568,"aprovado",0.00,320.00,"2014-04-09 15:43:52","2014-04-09 15:43:52"
181,84572,"aprovado",310.56,0.00,"2014-04-09 16:38:53","2014-04-09 16:35:39"
182,84574,"aprovado",300.00,0.00,"2014-04-10 07:04:53","2014-04-09 17:00:45"
183,84577,"aprovado",3104.58,0.00,"2014-04-09 17:43:57","2014-04-09 17:40:03"
184,84578,"aprovado",76.00,0.00,"2014-04-10 07:04:55","2014-04-09 17:51:27"
185,84582,"aprovado",620.00,0.00,"2014-04-09 19:29:04","2014-04-09 19:25:34"
186,84584,"aprovado",1448.25,0.00,"2014-04-09 19:44:59","2014-04-09 19:41:12"
187,84593,"aprovado",11.00,0.00,"2014-04-11 07:03:35","2014-04-09 21:25:42"
188,84594,"aprovado",118.00,0.00,"2014-04-11 07:03:36","2014-04-09 22:35:15"
189,84598,"aprovado",119.00,0.00,"2014-04-10 09:12:11","2014-04-10 09:08:43"
190,84601,"aprovado",392.30,0.00,"2014-04-10 09:51:14","2014-04-10 09:48:01"
191,84602,"aprovado",392.30,0.00,"2014-04-10 09:55:11","2014-04-10 09:51:15"
192,84604,"aprovado",119.00,0.00,"2014-04-12 07:04:24","2014-04-10 11:43:49"
193,84607,"aprovado",11.00,0.00,"2014-04-11 07:03:57","2014-04-10 13:16:29"
194,84608,"aprovado",207.00,0.00,"2014-04-10 14:43:26","2014-04-10 14:39:48"
195,84615,"aprovado",260.00,0.00,"2014-04-10 16:46:28","2014-04-10 16:42:42"
196,84616,"aprovado",2954.50,0.00,"2014-04-10 17:25:37","2014-04-10 17:21:24"
197,84617,"aprovado",59.00,0.00,"2014-04-10 17:51:29","2014-04-10 17:47:54"
198,84618,"aprovado",118.00,0.00,"2014-04-10 17:57:30","2014-04-10 17:53:50"
199,84619,"aprovado",118.00,0.00,"2014-04-10 18:26:39","2014-04-10 18:23:14"
200,84624,"aprovado",1798.00,0.00,"2014-04-10 21:37:35","2014-04-10 21:33:54"
201,84625,"aprovado",119.00,0.00,"2014-04-10 22:34:44","2014-04-10 22:31:18"
202,84627,"aprovado",257.76,0.00,"2014-04-10 23:40:37","2014-04-10 23:36:32"
203,84628,"aprovado",1696.26,0.00,"2014-04-10 23:51:40","2014-04-10 23:47:24"
204,84633,"aprovado",0.00,457.00,"2014-04-11 12:25:19","2014-04-11 12:25:19"
205,84634,"aprovado",122.16,0.00,"2014-04-11 13:18:53","2014-04-11 13:15:10"
206,84635,"aprovado",118.00,0.00,"2014-04-11 13:54:55","2014-04-11 13:51:05"
207,84636,"aprovado",62.64,0.00,"2014-04-11 14:16:56","2014-04-11 14:13:20"
208,84637,"aprovado",163.00,0.00,"2014-04-15 07:07:11","2014-04-11 16:46:36"
209,84638,"aprovado",1797.00,0.00,"2014-04-11 16:57:57","2014-04-11 16:54:15"
210,84640,"aprovado",10.00,0.00,"2014-04-11 17:29:57","2014-04-11 17:26:13"
211,84647,"aprovado",500.00,0.00,"2014-04-11 17:57:56","2014-04-11 17:54:22"
212,84653,"aprovado",11.00,0.00,"2014-04-11 18:46:00","2014-04-11 18:42:49"
213,84654,"aprovado",251.00,0.00,"2014-04-15 07:07:12","2014-04-11 18:45:38"
214,84657,"aprovado",2637.00,0.00,"2014-04-11 22:35:05","2014-04-11 22:30:58"
215,84658,"aprovado",2637.00,0.00,"2014-04-11 22:41:06","2014-04-11 22:37:54"
216,84659,"aprovado",155.28,0.00,"2014-04-11 23:16:05","2014-04-11 23:12:46"
217,84668,"aprovado",1448.25,0.00,"2014-04-12 14:44:21","2014-04-12 14:40:15"
218,84670,"aprovado",240.00,0.00,"2014-04-12 16:17:24","2014-04-12 16:13:32"
219,84672,"aprovado",269.16,0.00,"2014-04-12 16:22:25","2014-04-12 16:19:08"
220,84673,"aprovado",168.75,0.00,"2014-04-12 18:37:29","2014-04-12 18:34:08"
221,84675,"aprovado",199.00,0.00,"2014-04-12 19:27:28","2014-04-12 19:24:08"
222,84676,"aprovado",207.00,0.00,"2014-04-12 19:40:28","2014-04-12 19:36:42"
223,84677,"aprovado",159.30,0.00,"2014-04-12 20:01:27","2014-04-12 19:57:28"
224,84678,"aprovado",424.86,0.00,"2014-04-12 20:31:30","2014-04-12 20:27:53"
225,84690,"aprovado",20.00,0.00,"2014-04-13 00:20:34","2014-04-13 00:17:04"
226,84694,"aprovado",320.00,0.00,"2014-04-13 09:06:43","2014-04-13 09:03:35"
227,84701,"aprovado",150.00,0.00,"2014-04-13 17:11:54","2014-04-13 17:08:09"
228,84716,"aprovado",1238.10,0.00,"2014-04-14 09:10:13","2014-04-13 19:52:02"
229,84719,"aprovado",163.00,0.00,"2014-04-13 20:02:56","2014-04-13 19:58:54"
230,84722,"aprovado",1399.00,0.00,"2014-04-13 23:29:00","2014-04-13 23:25:12"
231,84729,"aprovado",392.34,0.00,"2014-04-14 10:48:20","2014-04-14 10:44:57"
232,84731,"aprovado",75.00,0.00,"2014-04-14 10:54:22","2014-04-14 10:50:59"
233,84733,"aprovado",507.72,0.00,"2014-04-14 11:33:15","2014-04-14 11:29:10"
234,84740,"aprovado",76.00,0.00,"2014-04-14 16:45:26","2014-04-14 16:41:32"
235,84741,"aprovado",219.80,0.00,"2014-04-15 09:18:48","2014-04-14 17:19:59"
236,84743,"aprovado",339.90,0.00,"2014-04-14 19:01:31","2014-04-14 18:57:49"
237,84745,"aprovado",360.00,0.00,"2014-04-16 07:04:56","2014-04-14 19:53:43"
238,84747,"aprovado",448.00,0.00,"2014-04-14 20:33:35","2014-04-14 20:29:52"
239,84748,"aprovado",319.00,0.00,"2014-04-14 22:53:31","2014-04-14 22:50:09"
240,84750,"aprovado",979.00,0.00,"2014-06-17 15:12:57","2014-04-14 22:51:21"
241,84759,"aprovado",943.80,0.00,"2014-04-14 23:35:33","2014-04-14 23:31:31"
242,84770,"aprovado",331.26,0.00,"2014-04-15 12:26:48","2014-04-15 12:22:57"
243,84771,"aprovado",361.50,0.00,"2014-04-15 12:35:51","2014-04-15 12:32:21"
244,84773,"aprovado",330.24,0.00,"2014-04-15 13:09:47","2014-04-15 13:05:49"
245,84774,"aprovado",151.00,0.00,"2014-04-15 14:28:53","2014-04-15 14:25:32"
246,84775,"aprovado",423.78,0.00,"2014-04-29 16:56:14","2014-04-15 14:55:35"
247,84777,"aprovado",639.00,0.00,"2014-04-16 07:05:20","2014-04-15 15:20:17"
248,84780,"aprovado",339.90,0.00,"2014-04-15 17:31:54","2014-04-15 17:28:21"
249,84781,"aprovado",207.03,0.00,"2014-04-15 17:35:54","2014-04-15 17:31:55"
250,84782,"aprovado",199.00,0.00,"2014-04-15 17:43:56","2014-04-15 17:40:31"
251,84783,"aprovado",240.00,0.00,"2014-04-15 18:23:56","2014-04-15 18:19:54"
252,84784,"aprovado",275.10,0.00,"2014-04-15 19:14:58","2014-04-15 19:11:47"
253,84785,"aprovado",239.00,0.00,"2014-04-15 20:38:58","2014-04-15 20:34:53"
254,84788,"aprovado",1698.36,0.00,"2014-04-16 11:06:18","2014-04-16 11:02:51"
255,84794,"aprovado",11.00,0.00,"2014-04-18 07:05:21","2014-04-16 15:48:31"
256,84795,"aprovado",500.00,0.00,"2014-04-18 07:05:21","2014-04-16 15:49:29"
257,84796,"aprovado",517.59,0.00,"2014-04-16 16:04:24","2014-04-16 16:00:50"
258,84797,"aprovado",75.00,0.00,"2014-04-16 16:57:23","2014-04-16 16:53:31"
259,84800,"aprovado",393.39,0.00,"2014-04-16 18:08:28","2014-04-16 18:05:02"
260,84802,"aprovado",331.26,0.00,"2014-04-16 19:01:28","2014-04-16 18:57:58"
261,84805,"aprovado",699.00,0.00,"2014-04-16 19:51:29","2014-04-16 19:48:07"
262,84806,"aprovado",2067.30,0.00,"2014-04-16 21:54:29","2014-04-16 21:50:35"
263,84807,"aprovado",516.57,0.00,"2014-04-16 22:10:30","2014-04-16 22:06:25"
264,84809,"aprovado",219.00,0.00,"2014-04-16 23:28:34","2014-04-16 23:24:38"
265,84811,"aprovado",499.20,0.00,"2014-04-16 23:34:36","2014-04-16 23:30:50"
266,84817,"aprovado",2897.52,0.00,"2014-04-17 11:25:52","2014-04-17 11:21:53"
267,84818,"aprovado",1909.74,0.00,"2014-04-17 12:44:50","2014-04-17 12:41:36"
268,84822,"aprovado",379.00,0.00,"2014-04-18 07:05:54","2014-04-17 15:25:20"
269,84823,"aprovado",1099.00,0.00,"2014-04-23 10:06:40","2014-04-17 15:32:04"
270,84824,"aprovado",1198.00,0.00,"2014-04-23 10:07:13","2014-04-17 23:36:16"
271,84825,"aprovado",1199.00,0.00,"2014-04-18 01:24:02","2014-04-18 00:18:57"
272,84827,"aprovado",20.00,0.00,"2014-04-23 10:07:56","2014-04-18 17:21:41"
273,84828,"aprovado",1537.20,0.00,"2014-04-18 18:05:28","2014-04-18 18:01:52"
274,84834,"aprovado",486.54,0.00,"2014-04-18 20:33:32","2014-04-18 20:29:46"
275,84835,"aprovado",470.00,0.00,"2014-04-23 10:08:14","2014-04-18 20:31:05"
276,84837,"aprovado",11.00,0.00,"2014-04-23 10:08:17","2014-04-18 21:16:30"
277,84840,"aprovado",469.00,0.00,"2014-04-23 10:08:24","2014-04-18 22:16:40"
278,84841,"aprovado",0.00,999.00,"2014-04-18 23:38:46","2014-04-18 23:38:46"
279,84842,"aprovado",486.54,0.00,"2014-04-19 12:37:49","2014-04-19 12:34:34"
280,84850,"aprovado",1756.90,0.00,"2014-04-19 16:48:56","2014-04-19 16:45:35"
281,84851,"aprovado",1013.46,0.00,"2014-06-17 15:12:57","2014-04-19 20:51:55"
282,84857,"aprovado",341.61,0.00,"2014-04-20 20:27:25","2014-04-20 20:23:22"
283,84858,"aprovado",341.61,0.00,"2014-04-20 20:35:27","2014-04-20 20:32:11"
284,84859,"aprovado",319.00,0.00,"2014-04-20 22:28:26","2014-04-20 22:24:56"
285,84860,"aprovado",339.90,0.00,"2014-04-20 22:58:27","2014-04-20 22:54:45"
286,84861,"aprovado",341.61,0.00,"2014-04-22 17:32:13","2014-04-20 23:06:44"
287,84865,"aprovado",2972.94,0.00,"2014-04-20 23:59:29","2014-04-20 23:55:24"
288,84868,"aprovado",592.20,0.00,"2014-04-21 08:14:33","2014-04-21 08:11:17"
289,84870,"aprovado",877.90,0.00,"2014-04-21 10:29:35","2014-04-21 10:25:31"
290,84871,"aprovado",75.00,0.00,"2014-04-21 13:01:39","2014-04-21 12:58:06"
291,84874,"aprovado",339.90,0.00,"2014-04-21 16:09:48","2014-04-21 16:06:14"
292,84875,"aprovado",637.26,0.00,"2014-04-21 16:22:47","2014-04-21 16:19:17"
293,84876,"aprovado",637.26,0.00,"2014-04-21 16:27:45","2014-04-21 16:23:57"
294,84877,"aprovado",341.61,0.00,"2014-04-21 20:59:51","2014-04-21 20:56:40"
295,84883,"aprovado",392.00,0.00,"2014-04-23 10:22:18","2014-04-21 21:40:43"
296,84884,"aprovado",800.00,0.00,"2014-04-23 10:22:22","2014-04-21 21:45:46"
297,84892,"aprovado",77.64,0.00,"2014-04-22 09:32:03","2014-04-22 09:21:13"
298,84894,"aprovado",599.00,0.00,"2014-04-22 14:02:14","2014-04-22 13:58:08"
299,84895,"aprovado",150.00,0.00,"2014-04-23 10:26:31","2014-04-22 13:58:31"
300,84897,"aprovado",599.00,0.00,"2014-04-24 07:02:19","2014-04-22 16:27:24"
301,84899,"aprovado",2068.32,0.00,"2014-04-22 20:04:25","2014-04-22 20:00:20"
302,84902,"aprovado",2896.50,0.00,"2014-04-22 22:17:27","2014-04-22 22:13:16"
303,84903,"aprovado",260.00,0.00,"2014-04-24 07:02:33","2014-04-22 23:15:17"
304,84904,"aprovado",4760.91,0.00,"2014-04-22 23:55:30","2014-04-22 23:51:37"
305,84915,"aprovado",999.00,0.00,"2014-04-24 07:03:12","2014-04-23 12:51:50"
306,84916,"aprovado",999.00,0.00,"2014-04-24 07:03:12","2014-04-23 12:54:04"
307,84917,"aprovado",472.50,0.00,"2014-04-23 13:06:16","2014-04-23 13:02:30"
308,84918,"aprovado",299.00,0.00,"2014-04-23 18:55:28","2014-04-23 18:51:32"
309,84920,"aprovado",1655.28,0.00,"2014-04-23 19:42:23","2014-04-23 19:38:26"
310,84921,"aprovado",456.72,0.00,"2014-04-23 20:21:26","2014-04-23 20:17:54"
311,84922,"aprovado",1317.40,0.00,"2014-05-29 16:37:55","2014-04-23 21:09:55"
312,84929,"aprovado",260.00,0.00,"2014-04-23 23:00:33","2014-04-23 22:56:37"
313,84930,"aprovado",537.27,0.00,"2014-04-23 23:01:29","2014-04-23 22:57:50"
314,84931,"aprovado",1398.00,0.00,"2014-04-23 23:20:28","2014-04-23 23:17:00"
315,84932,"aprovado",399.00,0.00,"2014-04-28 17:28:34","2014-04-23 23:42:15"
316,84933,"aprovado",1198.00,0.00,"2014-04-23 23:48:32","2014-04-23 23:45:09"
317,84935,"aprovado",1799.00,0.00,"2014-04-24 13:27:54","2014-04-24 13:23:50"
318,84936,"aprovado",361.29,0.00,"2014-04-24 14:34:54","2014-04-24 14:31:18"
319,84941,"aprovado",392.34,0.00,"2014-04-24 20:26:54","2014-04-24 20:23:28"
320,84942,"aprovado",392.34,0.00,"2014-04-24 20:37:00","2014-04-24 20:32:47"
321,84943,"aprovado",1861.29,0.00,"2014-04-24 21:12:58","2014-04-24 21:09:26"
322,84945,"aprovado",499.00,0.00,"2014-04-24 21:44:58","2014-04-24 21:41:28"
323,84947,"aprovado",620.10,0.00,"2014-04-24 23:55:02","2014-04-24 23:51:47"
324,84948,"aprovado",1798.00,0.00,"2014-04-25 00:57:57","2014-04-25 00:54:35"
325,84950,"aprovado",3197.00,0.00,"2014-04-25 09:54:13","2014-04-25 09:50:19"
326,84951,"aprovado",1976.70,0.00,"2014-05-07 17:08:52","2014-04-25 10:14:55"
327,84956,"aprovado",899.00,0.00,"2014-04-25 15:04:16","2014-04-25 14:41:09"
328,84954,"aprovado",1485.90,0.00,"2014-04-25 13:13:16","2014-04-25 13:09:43"
329,84957,"aprovado",899.00,0.00,"2014-04-25 15:04:16","2014-04-25 14:42:55"
330,84965,"aprovado",341.61,0.00,"2014-04-25 17:34:24","2014-04-25 17:30:35"
331,84964,"aprovado",489.00,0.00,"2014-06-17 15:12:57","2014-04-25 16:39:18"
332,84967,"aprovado",380.00,0.00,"2014-04-25 18:14:27","2014-04-25 18:10:45"
333,84970,"aprovado",1756.90,0.00,"2014-04-25 20:13:33","2014-04-25 20:10:08"
334,84971,"aprovado",340.00,0.00,"2014-04-25 21:05:32","2014-04-25 21:01:23"
335,84972,"aprovado",392.34,0.00,"2014-04-25 22:13:40","2014-04-25 22:09:52"
336,84974,"aprovado",237.06,0.00,"2014-05-06 16:09:05","2014-04-25 23:29:10"
337,84969,"aprovado",598.00,0.00,"2014-04-26 07:05:09","2014-04-26 07:05:09"
338,84975,"aprovado",265.56,0.00,"2014-04-26 15:00:50","2014-04-26 14:56:52"
339,84976,"aprovado",1199.00,0.00,"2014-04-26 15:18:50","2014-04-26 15:15:26"
340,84977,"aprovado",599.00,0.00,"2014-05-06 16:09:44","2014-04-26 20:19:14"
341,84978,"aprovado",599.00,0.00,"2014-05-06 16:09:33","2014-04-26 20:22:03"
342,84979,"aprovado",78.69,0.00,"2014-04-27 10:43:15","2014-04-27 10:39:29"
343,84980,"aprovado",742.44,0.00,"2014-04-27 15:33:21","2014-04-27 15:29:59"
344,84981,"aprovado",362.31,0.00,"2014-04-27 15:41:20","2014-04-27 15:37:45"
345,84982,"aprovado",371.76,0.00,"2014-04-27 15:56:20","2014-04-27 15:52:50"
346,84983,"aprovado",252.70,0.00,"2014-04-27 19:53:31","2014-04-27 19:49:25"
347,84984,"aprovado",75.00,0.00,"2014-04-27 23:31:29","2014-04-27 23:27:29"
348,84987,"aprovado",375.00,0.00,"2014-04-28 12:22:50","2014-04-28 12:19:05"
349,84988,"aprovado",389.25,0.00,"2014-04-28 13:26:52","2014-04-28 12:22:02"
350,84996,"aprovado",751.00,0.00,"2014-04-28 15:20:54","2014-04-28 15:17:18"
353,84997,"aprovado",1199.00,0.00,"2014-04-28 15:42:54","2014-04-28 15:39:25"
354,84932,"cancelado",399.00,0.00,"2014-04-28 17:28:34","2014-04-28 17:28:34"
355,85007,"aprovado",399.36,0.00,"2014-04-29 17:11:12","2014-04-28 18:52:39"
356,85008,"aprovado",678.72,0.00,"2014-04-28 23:24:08","2014-04-28 23:20:39"
357,85009,"aprovado",777.45,0.00,"2014-04-29 00:01:05","2014-04-28 23:57:48"
358,85006,"aprovado",751.00,0.00,"2014-04-29 07:05:52","2014-04-29 07:05:52"
359,85011,"aprovado",380.00,0.00,"2014-04-29 10:37:15","2014-04-29 10:33:16"
360,85018,"aprovado",2760.48,0.00,"2014-04-29 12:42:19","2014-04-29 12:39:03"
361,85023,"aprovado",399.36,0.00,"2014-04-29 13:12:21","2014-04-29 13:09:02"
362,85027,"aprovado",399.36,0.00,"2014-04-29 13:23:22","2014-04-29 13:20:13"
363,85030,"aprovado",0.00,898.00,"2014-04-29 15:13:26","2014-04-29 15:13:26"
364,85031,"aprovado",0.00,899.00,"2014-04-29 15:46:31","2014-04-29 15:46:31"
365,84775,"cancelado",423.78,0.00,"2014-04-29 16:56:14","2014-04-29 16:56:14"
366,85007,"cancelado",399.36,0.00,"2014-04-29 17:11:12","2014-04-29 17:11:12"
367,85033,"aprovado",2068.32,0.00,"2014-04-29 22:09:33","2014-04-29 22:06:14"
368,84985,"aprovado",75.00,0.00,"2014-04-30 07:02:13","2014-04-30 07:02:13"
369,85014,"aprovado",1126.00,0.00,"2014-04-30 07:03:05","2014-04-30 07:03:05"
370,85034,"aprovado",1379.70,0.00,"2014-04-30 08:38:43","2014-04-30 08:34:44"
371,85036,"aprovado",1427.30,0.00,"2014-04-30 09:14:49","2014-04-30 09:10:51"
372,85037,"aprovado",1698.36,0.00,"2014-04-30 10:34:54","2014-04-30 10:31:18"
373,85044,"aprovado",309.54,0.00,"2014-04-30 15:04:59","2014-04-30 15:01:37"
374,85062,"aprovado",156.33,0.00,"2014-04-30 22:09:11","2014-04-30 22:05:49"
375,85012,"aprovado",329.00,0.00,"2014-05-01 07:02:45","2014-05-01 07:02:45"
376,85063,"aprovado",777.45,0.00,"2014-05-01 11:01:27","2014-05-01 10:58:03"
377,85065,"aprovado",489.00,0.00,"2014-06-17 15:12:57","2014-05-01 14:32:28"
378,85068,"aprovado",149.00,0.00,"2014-05-01 16:15:36","2014-05-01 16:12:15"
379,85071,"aprovado",2195.30,0.00,"2014-05-01 19:27:38","2014-05-01 19:23:50"
380,85077,"aprovado",521.52,0.00,"2014-05-01 20:19:40","2014-05-01 20:15:42"
381,85078,"aprovado",5710.20,0.00,"2014-05-06 16:07:36","2014-05-01 21:39:08"
382,85079,"aprovado",75.00,0.00,"2014-05-01 23:14:52","2014-05-01 23:11:32"
383,85084,"aprovado",286.80,0.00,"2014-05-02 13:54:56","2014-05-02 13:51:41"
384,85085,"aprovado",700.00,0.00,"2014-05-02 19:01:01","2014-05-02 18:57:26"
385,85086,"aprovado",155.28,0.00,"2014-05-02 19:25:59","2014-05-02 19:22:10"
386,85087,"aprovado",1198.00,0.00,"2014-05-08 09:59:18","2014-05-02 21:46:56"
387,85088,"aprovado",659.30,0.00,"2014-05-08 09:59:04","2014-05-02 21:51:02"
388,85061,"aprovado",2098.00,0.00,"2014-05-03 07:03:20","2014-05-03 07:03:20"
389,85070,"aprovado",491.00,0.00,"2014-05-03 07:03:35","2014-05-03 07:03:35"
390,85094,"aprovado",349.00,0.00,"2014-05-03 16:15:27","2014-05-03 16:12:22"
391,85097,"aprovado",319.00,0.00,"2014-05-04 15:10:57","2014-05-04 15:07:22"
392,85099,"aprovado",258.81,0.00,"2014-05-04 17:15:59","2014-05-04 17:12:22"
393,85102,"aprovado",258.81,0.00,"2014-05-04 17:24:00","2014-05-04 17:20:16"
394,85111,"aprovado",981.00,0.00,"2014-05-04 22:48:06","2014-05-04 22:44:49"
395,85112,"aprovado",341.61,0.00,"2014-05-04 23:01:07","2014-05-04 22:57:40"
396,85114,"aprovado",227.73,0.00,"2014-05-05 00:25:05","2014-05-05 00:21:04"
397,85118,"aprovado",269.00,0.00,"2014-05-05 13:04:24","2014-05-05 13:00:43"
398,85120,"aprovado",380.00,0.00,"2014-05-05 17:01:29","2014-05-05 16:57:57"
399,85122,"aprovado",399.00,0.00,"2014-05-05 18:10:30","2014-05-05 18:06:41"
400,85125,"aprovado",270.00,0.00,"2014-05-06 17:43:22","2014-05-05 20:52:44"
401,85129,"aprovado",2122.14,0.00,"2014-05-05 22:03:35","2014-05-05 21:59:38"
402,85131,"aprovado",1061.10,0.00,"2014-05-05 22:24:35","2014-05-05 22:21:15"
403,85132,"aprovado",510.90,0.00,"2014-05-16 12:50:58","2014-05-05 22:46:37"
404,85133,"aprovado",424.86,0.00,"2014-05-05 23:57:35","2014-05-05 23:53:43"
405,85135,"aprovado",75.00,0.00,"2014-05-06 09:32:50","2014-05-06 09:28:53"
406,85137,"aprovado",120.00,0.00,"2014-05-06 14:30:55","2014-05-06 14:27:05"
409,85078,"cancelado",5710.20,0.00,"2014-05-06 16:07:36","2014-05-06 16:07:36"
410,84974,"cancelado",237.06,0.00,"2014-05-06 16:09:05","2014-05-06 16:09:05"
411,84978,"cancelado",599.00,0.00,"2014-05-06 16:09:33","2014-05-06 16:09:33"
412,84977,"cancelado",599.00,0.00,"2014-05-06 16:09:44","2014-05-06 16:09:44"
413,85139,"aprovado",480.00,0.00,"2014-05-06 16:59:56","2014-05-06 16:56:01"
415,85088,"cancelado",659.30,0.00,"2014-05-08 09:59:04","2014-05-06 17:20:10"
416,85087,"cancelado",1198.00,0.00,"2014-05-08 09:59:18","2014-05-06 17:20:22"
417,85125,"cancelado",270.00,0.00,"2014-05-06 17:43:22","2014-05-06 17:43:22"
418,85141,"aprovado",0.00,1797.00,"2014-05-06 21:10:39","2014-05-06 21:10:39"
419,85142,"aprovado",0.00,270.00,"2014-05-06 21:12:36","2014-05-06 21:12:36"
420,85147,"aprovado",269.16,0.00,"2014-05-06 21:27:05","2014-05-06 21:23:06"
421,85150,"aprovado",1208.60,0.00,"2014-05-14 16:11:19","2014-05-06 22:08:42"
422,85151,"aprovado",2415.10,0.00,"2014-05-14 16:11:10","2014-05-06 22:12:57"
423,85134,"aprovado",339.00,0.00,"2014-05-07 07:07:13","2014-05-07 07:07:13"
424,85154,"aprovado",329.00,0.00,"2014-05-07 10:33:22","2014-05-07 10:30:11"
425,84951,"cancelado",1976.70,0.00,"2014-05-07 17:08:52","2014-05-07 17:08:52"
426,85164,"aprovado",393.00,0.00,"2014-05-07 17:42:29","2014-05-07 17:38:52"
427,85173,"aprovado",26.00,0.00,"2014-05-07 20:01:31","2014-05-07 19:57:55"
428,85174,"aprovado",17.00,0.00,"2014-05-07 20:04:32","2014-05-07 20:01:00"
429,85175,"aprovado",17.00,0.00,"2014-05-07 21:33:40","2014-05-07 21:30:00"
430,85176,"aprovado",35.00,0.00,"2014-05-07 21:39:35","2014-05-07 21:36:26"
431,85179,"aprovado",76.00,0.00,"2014-05-07 22:18:35","2014-05-07 22:14:45"
432,85182,"aprovado",11.00,0.00,"2014-05-07 22:31:35","2014-05-07 22:27:37"
433,85183,"aprovado",20.00,0.00,"2014-05-07 22:57:36","2014-05-07 22:54:05"
434,85184,"aprovado",50.00,0.00,"2014-05-07 23:39:34","2014-05-07 23:35:34"
435,85185,"aprovado",150.00,0.00,"2014-05-07 23:44:38","2014-05-07 23:41:28"
436,85159,"aprovado",380.00,0.00,"2014-05-08 07:07:26","2014-05-08 07:07:26"
437,85088,"aprovado",659.30,0.00,"2014-05-08 09:59:04","2014-05-08 09:59:04"
438,85087,"aprovado",1198.00,0.00,"2014-05-08 09:59:18","2014-05-08 09:59:18"
439,85198,"aprovado",270.00,0.00,"2014-05-08 10:07:51","2014-05-08 10:04:30"
440,85202,"aprovado",1055.90,0.00,"2014-05-08 10:58:52","2014-05-08 10:55:40"
441,85193,"aprovado",329.00,0.00,"2014-05-08 16:37:55","2014-05-08 16:34:31"
442,85178,"aprovado",180.00,0.00,"2014-05-08 16:40:54","2014-05-08 16:37:23"
443,85217,"aprovado",1240.17,0.00,"2014-05-08 16:52:57","2014-05-08 16:49:27"
444,85218,"aprovado",1240.17,0.00,"2014-05-08 16:58:59","2014-05-08 16:55:42"
445,85222,"aprovado",1198.00,0.00,"2014-05-08 17:08:57","2014-05-08 17:05:00"
446,85224,"aprovado",350.94,0.00,"2014-05-08 18:54:03","2014-05-08 18:50:16"
447,85231,"aprovado",350.52,0.00,"2014-05-08 21:42:02","2014-05-08 21:38:12"
448,85232,"aprovado",310.56,0.00,"2014-05-08 23:09:05","2014-05-08 23:05:26"
449,85233,"aprovado",351.96,0.00,"2014-05-08 23:14:09","2014-05-08 23:10:20"
450,85234,"aprovado",659.30,0.00,"2014-05-09 01:47:04","2014-05-09 01:43:28"
451,85168,"aprovado",10.00,0.00,"2014-05-09 07:06:01","2014-05-09 07:06:01"
452,85170,"aprovado",200.00,0.00,"2014-05-09 07:06:05","2014-05-09 07:06:05"
453,85171,"aprovado",200.00,0.00,"2014-05-09 07:06:06","2014-05-09 07:06:06"
454,85188,"aprovado",17.00,0.00,"2014-05-09 07:06:47","2014-05-09 07:06:47"
455,85189,"aprovado",25.00,0.00,"2014-05-09 07:06:47","2014-05-09 07:06:47"
456,85241,"aprovado",25.00,0.00,"2014-05-09 12:08:25","2014-05-09 12:04:59"
457,85248,"aprovado",341.61,0.00,"2014-05-09 16:53:34","2014-05-09 16:50:16"
460,85250,"aprovado",1208.60,0.00,"2014-05-09 21:05:34","2014-05-09 21:02:02"
461,85251,"aprovado",4799.00,0.00,"2014-05-09 22:19:34","2014-05-09 22:16:02"
462,85253,"aprovado",17.61,0.00,"2014-05-10 02:30:44","2014-05-10 01:25:49"
463,85195,"aprovado",25.00,0.00,"2014-05-10 07:03:58","2014-05-10 07:03:58"
464,85200,"aprovado",35.00,0.00,"2014-05-10 07:03:59","2014-05-10 07:03:59"
465,85215,"aprovado",51.00,0.00,"2014-05-10 07:04:09","2014-05-10 07:04:09"
466,85228,"aprovado",179.00,0.00,"2014-05-10 07:04:26","2014-05-10 07:04:26"
467,85243,"aprovado",490.00,0.00,"2014-06-17 15:12:57","2014-05-10 07:05:17"
468,85244,"aprovado",399.00,0.00,"2014-05-10 07:05:18","2014-05-10 07:05:18"
469,85256,"aprovado",11.00,0.00,"2014-05-10 11:22:53","2014-05-10 11:19:11"
470,85257,"aprovado",330.24,0.00,"2014-05-10 11:40:53","2014-05-10 11:37:29"
471,85269,"aprovado",481.00,0.00,"2014-05-10 16:46:56","2014-05-10 16:42:56"
472,85271,"aprovado",240.00,0.00,"2014-05-10 19:15:00","2014-05-10 19:11:39"
473,85272,"aprovado",3185.34,0.00,"2014-05-10 21:54:04","2014-05-10 21:50:40"
474,85276,"aprovado",521.52,0.00,"2014-05-10 23:07:03","2014-05-10 23:03:55"
475,85277,"aprovado",521.52,0.00,"2014-05-10 23:08:02","2014-05-10 23:04:39"
476,85279,"aprovado",480.00,0.00,"2014-05-11 00:48:04","2014-05-11 00:44:15"
477,85289,"aprovado",1272.42,0.00,"2014-05-11 10:59:18","2014-05-11 10:55:47"
478,85292,"aprovado",26.00,0.00,"2014-05-11 11:35:20","2014-05-11 11:32:03"
479,85293,"aprovado",491.00,0.00,"2014-05-11 14:41:29","2014-05-11 14:38:16"
480,85295,"aprovado",521.52,0.00,"2014-05-23 17:28:55","2014-05-11 16:49:15"
481,85299,"aprovado",3397.80,0.00,"2014-05-11 19:20:34","2014-05-11 19:17:07"
482,85301,"aprovado",17.00,0.00,"2014-05-11 21:09:38","2014-05-11 21:06:00"
483,85302,"aprovado",399.00,0.00,"2014-05-11 21:11:39","2014-05-11 21:07:37"
484,85303,"aprovado",8.00,0.00,"2014-05-11 21:12:39","2014-05-11 21:08:48"
485,85305,"aprovado",339.90,0.00,"2014-05-11 22:28:38","2014-05-11 22:24:46"
486,85306,"aprovado",17.00,0.00,"2014-05-11 23:02:38","2014-05-11 22:58:42"
487,85307,"aprovado",1428.40,0.00,"2014-05-19 15:47:30","2014-05-11 23:35:54"
488,85308,"aprovado",1273.50,0.00,"2014-05-12 00:00:43","2014-05-11 23:57:07"
489,85309,"aprovado",75.00,0.00,"2014-05-12 02:12:47","2014-05-12 01:07:44"
490,85310,"aprovado",17.00,0.00,"2014-05-12 01:14:39","2014-05-12 01:11:21"
491,85317,"aprovado",1015.53,0.00,"2014-05-12 10:46:47","2014-05-12 10:42:57"
492,85311,"aprovado",25.00,0.00,"2014-05-12 11:30:47","2014-05-12 11:26:47"
493,85304,"aprovado",77.64,0.00,"2014-05-12 11:30:47","2014-05-12 11:27:09"
494,85332,"aprovado",308.49,0.00,"2014-05-12 15:42:52","2014-05-12 15:39:34"
495,85335,"aprovado",349.00,0.00,"2014-05-12 16:45:55","2014-05-12 16:42:00"
497,85337,"aprovado",2999.00,0.00,"2014-05-12 17:37:33","2014-05-12 17:37:33"
498,85339,"aprovado",340.59,0.00,"2014-05-12 18:50:58","2014-05-12 18:46:58"
499,85340,"aprovado",508.29,0.00,"2014-05-12 20:16:07","2014-05-12 20:12:46"
500,85255,"aprovado",1198.00,0.00,"2014-05-13 07:11:35","2014-05-13 07:11:35"
501,85298,"aprovado",1798.00,0.00,"2014-05-13 07:13:53","2014-05-13 07:13:53"
502,85312,"aprovado",35.00,0.00,"2014-05-13 07:14:43","2014-05-13 07:14:43"
503,85313,"aprovado",51.00,0.00,"2014-05-13 07:14:45","2014-05-13 07:14:45"
504,84351,"aprovado",1199.00,0.00,"2014-05-13 09:48:51","2014-05-13 09:48:51"
505,85352,"aprovado",372.66,0.00,"2014-05-13 11:14:26","2014-05-13 11:10:58"
506,85358,"aprovado",491.00,0.00,"2014-05-27 18:05:31","2014-05-13 16:21:29"
507,85359,"aprovado",538.40,0.00,"2014-05-27 18:05:59","2014-05-13 17:22:50"
508,85361,"aprovado",560.00,0.00,"2014-05-13 18:31:31","2014-05-13 18:28:17"
509,85362,"aprovado",229.00,0.00,"2014-05-13 22:07:33","2014-05-13 22:03:47"
510,85363,"aprovado",687.00,0.00,"2014-05-13 22:09:35","2014-05-13 22:06:03"
511,85364,"aprovado",549.00,0.00,"2014-05-13 22:29:44","2014-05-13 22:26:14"
512,85365,"aprovado",240.00,0.00,"2014-05-13 23:12:40","2014-05-13 23:08:39"
513,85367,"aprovado",1317.40,0.00,"2014-05-14 00:04:43","2014-05-14 00:00:42"
514,85331,"aprovado",38.00,0.00,"2014-05-14 07:02:30","2014-05-14 07:02:30"
515,85338,"aprovado",20.00,0.00,"2014-05-14 07:02:39","2014-05-14 07:02:39"
516,85346,"aprovado",26.00,0.00,"2014-05-14 07:02:44","2014-05-14 07:02:44"
517,85354,"aprovado",76.00,0.00,"2014-05-14 07:03:03","2014-05-14 07:03:03"
518,85356,"aprovado",34.22,423.78,"2014-05-14 07:03:19","2014-05-14 07:03:19"
519,85372,"aprovado",50.00,0.00,"2014-05-14 08:56:48","2014-05-14 08:52:48"
520,85377,"aprovado",578.67,0.00,"2014-05-14 10:46:52","2014-05-14 10:43:42"
521,85400,"aprovado",11.00,0.00,"2014-05-14 14:12:56","2014-05-14 14:09:25"
522,85401,"aprovado",340.00,0.00,"2014-05-14 14:15:58","2014-05-14 14:12:03"
523,85403,"aprovado",497.94,0.00,"2014-06-10 18:18:34","2014-05-14 14:20:43"
524,85405,"aprovado",1698.36,0.00,"2014-05-14 14:47:55","2014-05-14 14:43:52"
525,85407,"aprovado",723.60,0.00,"2014-05-14 15:00:55","2014-05-14 14:56:54"
526,85408,"aprovado",35.00,0.00,"2014-05-14 15:17:57","2014-05-14 15:14:41"
527,85151,"cancelado",2415.10,0.00,"2014-05-14 16:11:10","2014-05-14 16:11:10"
528,85150,"cancelado",1208.60,0.00,"2014-05-14 16:11:19","2014-05-14 16:11:19"
529,85411,"aprovado",2195.30,0.00,"2014-05-14 16:31:01","2014-05-14 16:27:08"
530,85417,"aprovado",1483.80,0.00,"2014-05-14 19:28:02","2014-05-14 19:24:33"
531,85418,"aprovado",252.70,0.00,"2014-05-14 19:32:01","2014-05-14 19:28:10"
532,85419,"aprovado",508.29,0.00,"2014-05-14 19:40:03","2014-05-14 19:36:15"
533,85420,"aprovado",252.70,0.00,"2014-05-14 19:42:02","2014-05-14 19:38:24"
534,85423,"aprovado",538.40,0.00,"2014-05-14 22:12:08","2014-05-14 22:08:52"
535,85373,"aprovado",199.00,0.00,"2014-05-15 07:06:48","2014-05-15 07:06:48"
536,85375,"aprovado",17.00,0.00,"2014-05-15 07:07:07","2014-05-15 07:07:07"
537,85376,"aprovado",25.00,0.00,"2014-05-15 07:07:08","2014-05-15 07:07:08"
538,85399,"aprovado",550.00,0.00,"2014-05-15 07:07:51","2014-05-15 07:07:51"
539,85437,"aprovado",51.00,0.00,"2014-05-15 14:34:35","2014-05-15 14:31:06"
540,85438,"aprovado",332.31,0.00,"2014-05-15 15:00:29","2014-05-15 14:56:43"
541,85439,"aprovado",332.31,0.00,"2014-05-15 15:05:28","2014-05-15 15:02:12"
542,85441,"aprovado",285.72,0.00,"2014-05-19 16:58:06","2014-05-15 15:24:01"
543,85444,"aprovado",280.00,0.00,"2014-05-22 15:04:34","2014-05-15 16:52:26"
544,85445,"aprovado",331.26,0.00,"2014-05-15 17:08:33","2014-05-15 17:04:38"
545,85447,"aprovado",80.70,0.00,"2014-05-15 18:33:38","2014-05-15 18:29:51"
546,85448,"aprovado",230.00,0.00,"2014-05-15 20:20:42","2014-05-15 20:17:05"
547,85449,"aprovado",4397.00,0.00,"2014-05-15 22:33:44","2014-05-15 22:29:38"
548,85450,"aprovado",280.00,0.00,"2014-05-15 22:47:44","2014-05-15 22:43:57"
549,85452,"aprovado",4550.76,0.00,"2014-05-15 23:04:47","2014-05-15 23:00:58"
550,85379,"aprovado",491.00,0.00,"2014-05-16 07:02:35","2014-05-16 07:02:35"
551,85430,"aprovado",18.00,0.00,"2014-05-16 07:03:03","2014-05-16 07:03:03"
552,85431,"aprovado",26.00,0.00,"2014-05-16 07:03:04","2014-05-16 07:03:04"
553,85443,"aprovado",26.00,0.00,"2014-05-16 07:03:52","2014-05-16 07:03:52"
554,85465,"aprovado",3184.00,0.00,"2014-05-16 12:27:00","2014-05-16 12:23:19"
555,85132,"cancelado",510.90,0.00,"2014-05-16 12:50:58","2014-05-16 12:50:58"
556,85471,"aprovado",1593.00,0.00,"2014-05-16 19:20:09","2014-05-16 18:15:33"
557,85473,"aprovado",317.58,0.00,"2014-05-16 20:20:07","2014-05-16 20:16:23"
558,85474,"aprovado",1749.20,0.00,"2014-05-16 22:24:07","2014-05-16 22:20:19"
559,85478,"aprovado",290.88,0.00,"2014-05-17 00:02:08","2014-05-16 23:58:32"
560,85463,"aprovado",449.00,0.00,"2014-05-17 07:07:00","2014-05-17 07:07:00"
561,85481,"aprovado",75.00,0.00,"2014-05-17 15:56:30","2014-05-17 15:52:56"
562,85487,"aprovado",2479.32,0.00,"2014-05-17 22:17:37","2014-05-17 22:14:20"
563,85488,"aprovado",3514.90,0.00,"2014-05-21 12:29:29","2014-05-18 09:08:26"
564,85489,"aprovado",237.06,0.00,"2014-05-18 09:44:56","2014-05-18 09:40:53"
565,85490,"aprovado",381.99,0.00,"2014-05-18 12:39:55","2014-05-18 12:36:32"
566,85491,"aprovado",876.80,0.00,"2014-05-18 13:46:56","2014-05-18 13:43:46"
567,85492,"aprovado",507.24,0.00,"2014-05-22 12:57:15","2014-05-18 14:30:04"
568,85502,"aprovado",10.00,0.00,"2014-05-19 13:29:29","2014-05-19 13:26:07"
569,85506,"aprovado",825.06,0.00,"2014-05-19 14:55:42","2014-05-19 14:52:18"
570,85507,"aprovado",220.00,0.00,"2014-05-19 15:25:35","2014-05-19 15:22:06"
571,85307,"cancelado",1428.40,0.00,"2014-05-19 15:47:30","2014-05-19 15:47:30"
572,85511,"aprovado",1698.36,0.00,"2014-05-19 16:59:34","2014-05-19 16:56:24"
573,85441,"cancelado",285.72,0.00,"2014-05-19 16:58:06","2014-05-19 16:58:06"
574,85513,"aprovado",991.71,0.00,"2014-05-19 17:26:32","2014-05-19 17:22:54"
575,85517,"aprovado",874.60,0.00,"2014-05-20 07:50:21","2014-05-20 07:50:21"
576,85519,"aprovado",1012.44,0.00,"2014-06-17 15:12:57","2014-05-20 10:21:51"
577,85528,"aprovado",1599.00,0.00,"2014-05-20 13:14:06","2014-05-20 13:10:07"
578,85535,"aprovado",529.98,0.00,"2014-06-17 14:29:11","2014-05-20 13:48:36"
579,85537,"aprovado",877.90,0.00,"2014-05-20 15:19:05","2014-05-20 15:15:54"
580,85539,"aprovado",1196.00,0.00,"2014-05-20 17:20:10","2014-05-20 17:16:27"
581,85541,"aprovado",265.56,0.00,"2014-05-20 19:45:07","2014-05-20 19:41:54"
582,85542,"aprovado",1695.18,0.00,"2014-05-20 21:37:11","2014-05-20 21:33:12"
583,85543,"aprovado",10.00,0.00,"2014-05-20 22:03:12","2014-05-20 21:59:47"
584,85544,"aprovado",18.00,0.00,"2014-05-20 22:05:12","2014-05-20 22:01:15"
585,85545,"aprovado",244.32,0.00,"2014-05-20 22:08:15","2014-05-20 22:05:06"
586,85550,"aprovado",1552.80,0.00,"2014-05-20 23:20:10","2014-05-20 23:16:58"
587,85552,"aprovado",300.00,0.00,"2014-05-20 23:29:12","2014-05-20 23:25:57"
588,85514,"aprovado",2398.00,0.00,"2014-05-21 07:07:36","2014-05-21 07:07:36"
589,85553,"aprovado",1648.05,0.00,"2014-05-21 09:39:27","2014-05-21 09:35:53"
590,85551,"aprovado",1598.00,0.00,"2014-05-21 09:46:23","2014-05-21 09:42:27"
591,85556,"aprovado",330.00,0.00,"2014-05-21 11:52:30","2014-05-21 11:48:53"
592,85558,"aprovado",1696.26,0.00,"2014-05-21 13:05:08","2014-05-21 11:53:31"
593,85488,"cancelado",3514.90,0.00,"2014-05-21 12:29:29","2014-05-21 12:29:29"
594,85558,"cancelado",1696.26,0.00,"2014-05-21 13:05:08","2014-05-21 13:05:08"
595,85560,"aprovado",229.00,0.00,"2014-05-21 13:25:29","2014-05-21 13:21:36"
596,85570,"aprovado",496.89,0.00,"2014-05-21 17:49:44","2014-05-21 17:46:13"
597,85571,"aprovado",424.86,0.00,"2014-05-21 18:22:41","2014-05-21 18:18:43"
598,85572,"aprovado",439.50,0.00,"2014-05-21 18:29:40","2014-05-21 18:26:14"
599,85581,"aprovado",475.80,0.00,"2014-05-21 20:59:41","2014-05-21 20:56:01"
600,85589,"aprovado",371.76,0.00,"2014-05-22 09:53:20","2014-05-21 22:40:24"
601,85590,"aprovado",317.58,0.00,"2014-05-21 22:49:52","2014-05-21 22:46:23"
602,85523,"aprovado",491.00,0.00,"2014-05-22 08:03:03","2014-05-22 07:03:17"
603,85589,"cancelado",371.76,0.00,"2014-05-22 09:53:20","2014-05-22 09:53:20"
604,85599,"aprovado",262.60,0.00,"2014-05-22 10:45:14","2014-05-22 10:41:39"
605,85600,"aprovado",539.50,0.00,"2014-05-22 10:54:04","2014-05-22 10:50:18"
606,85492,"cancelado",507.24,0.00,"2014-05-22 12:57:15","2014-05-22 12:57:15"
607,85605,"aprovado",3610.20,0.00,"2014-05-28 14:30:42","2014-05-22 13:28:03"
608,85609,"aprovado",549.00,0.00,"2014-05-22 14:00:09","2014-05-22 13:56:44"
609,85499,"aprovado",3199.00,0.00,"2014-05-22 14:56:30","2014-05-22 14:56:30"
610,85444,"cancelado",280.00,0.00,"2014-05-22 15:04:34","2014-05-22 15:04:34"
611,85611,"aprovado",10.00,0.00,"2014-05-22 16:25:09","2014-05-22 16:21:06"
612,85612,"aprovado",75.00,0.00,"2014-05-22 16:26:09","2014-05-22 16:22:31"
613,82082,"cancelado",560.00,0.00,"2014-05-22 17:45:17","2014-05-22 17:45:17"
614,85619,"aprovado",338.82,0.00,"2014-05-22 18:41:09","2014-05-22 18:37:21"
615,85621,"aprovado",2998.00,0.00,"2014-05-22 18:48:09","2014-05-22 18:44:16"
616,85622,"aprovado",848.64,0.00,"2014-05-22 18:50:10","2014-05-22 18:46:29"
617,85623,"aprovado",250.00,0.00,"2014-05-22 19:01:09","2014-05-22 18:57:27"
618,85624,"aprovado",3295.20,0.00,"2014-05-22 19:26:11","2014-05-22 19:22:43"
619,85625,"aprovado",319.00,0.00,"2014-05-22 20:15:11","2014-05-22 20:11:08"
620,85626,"aprovado",319.00,0.00,"2014-05-22 20:54:21","2014-05-22 20:50:21"
621,85627,"aprovado",1380.78,0.00,"2014-05-28 16:23:06","2014-05-22 22:00:44"
622,85585,"aprovado",281.00,0.00,"2014-05-23 07:03:41","2014-05-23 07:03:41"
623,85587,"aprovado",281.00,0.00,"2014-05-23 07:03:41","2014-05-23 07:03:41"
624,85592,"aprovado",1599.00,0.00,"2014-05-23 07:03:42","2014-05-23 07:03:42"
625,85620,"aprovado",799.00,0.00,"2014-05-23 07:04:48","2014-05-23 07:04:48"
626,85628,"aprovado",17.00,0.00,"2014-05-23 09:47:37","2014-05-23 09:44:26"
627,85638,"aprovado",37.40,0.00,"2014-05-23 10:42:39","2014-05-23 10:38:31"
628,85640,"aprovado",698.00,100.00,"2014-05-23 10:44:39","2014-05-23 10:40:44"
629,85644,"aprovado",399.00,0.00,"2014-05-23 15:16:39","2014-05-23 15:12:47"
630,85648,"aprovado",200.00,0.00,"2014-05-23 17:08:04","2014-05-23 17:04:42"
631,85649,"aprovado",1754.70,0.00,"2014-05-28 16:15:34","2014-05-23 17:07:47"
632,85650,"aprovado",399.00,0.00,"2014-05-23 17:13:02","2014-05-23 17:09:12"
633,85295,"cancelado",521.52,0.00,"2014-05-23 17:28:55","2014-05-23 17:28:55"
634,85654,"aprovado",0.00,330.00,"2014-05-23 18:09:47","2014-05-23 18:09:47"
635,85655,"aprovado",3514.90,0.00,"2014-05-23 18:32:04","2014-05-23 18:28:45"
636,85657,"aprovado",3514.90,0.00,"2014-05-23 18:35:06","2014-05-23 18:31:42"
637,85658,"aprovado",45.00,0.00,"2014-05-23 20:18:05","2014-05-23 20:14:51"
638,85659,"aprovado",17.00,0.00,"2014-05-23 20:21:04","2014-05-23 20:17:03"
639,85660,"aprovado",17.61,0.00,"2014-05-23 20:22:06","2014-05-23 20:18:50"
640,85667,"aprovado",1272.42,0.00,"2014-05-23 21:34:14","2014-05-23 21:30:09"
641,85671,"aprovado",210.00,0.00,"2014-05-23 23:24:10","2014-05-23 23:20:50"
642,85672,"aprovado",217.38,0.00,"2014-05-23 23:28:07","2014-05-23 23:24:57"
643,85673,"aprovado",445.02,0.00,"2014-05-23 23:31:07","2014-05-23 23:27:11"
644,85676,"aprovado",206.01,0.00,"2014-05-24 00:08:05","2014-05-24 00:04:23"
645,85607,"aprovado",1599.00,0.00,"2014-05-24 07:04:27","2014-05-24 07:04:27"
646,85618,"aprovado",799.00,0.00,"2014-05-24 07:04:36","2014-05-24 07:04:36"
647,85647,"aprovado",17.00,0.00,"2014-05-24 07:05:15","2014-05-24 07:05:15"
648,85652,"aprovado",199.00,0.00,"2014-05-24 07:05:16","2014-05-24 07:05:16"
649,85677,"aprovado",3514.90,0.00,"2014-05-24 11:18:18","2014-05-24 11:14:50"
650,85679,"aprovado",480.00,0.00,"2014-05-24 14:39:20","2014-05-24 14:35:27"
651,85683,"aprovado",217.38,0.00,"2014-05-24 18:02:27","2014-05-24 17:58:52"
652,85684,"aprovado",433.74,0.00,"2014-05-24 18:17:27","2014-05-24 18:14:22"
653,85686,"aprovado",1314.10,0.00,"2014-05-24 21:30:46","2014-05-24 21:27:01"
654,85687,"aprovado",179.00,0.00,"2014-05-24 22:42:32","2014-05-24 22:38:59"
655,85689,"aprovado",509.82,0.00,"2014-05-26 11:00:43","2014-05-24 22:48:42"
656,85690,"aprovado",258.81,0.00,"2014-05-25 03:16:37","2014-05-25 03:13:07"
657,85691,"aprovado",383.01,0.00,"2014-05-25 03:18:37","2014-05-25 03:14:44"
658,85693,"aprovado",17.00,0.00,"2014-05-25 11:46:49","2014-05-25 11:43:28"
659,85697,"aprovado",10.00,0.00,"2014-05-25 13:23:53","2014-05-25 13:20:02"
660,85702,"aprovado",743.52,0.00,"2014-05-25 19:49:08","2014-05-25 19:45:35"
661,85706,"aprovado",217.38,0.00,"2014-05-25 21:02:01","2014-05-25 20:58:27"
662,85707,"aprovado",200.00,0.00,"2014-05-25 21:44:03","2014-05-25 21:40:31"
663,85708,"aprovado",584.16,0.00,"2014-05-25 22:06:03","2014-05-25 22:02:43"
664,85711,"aprovado",318.66,0.00,"2014-05-25 22:34:12","2014-05-25 22:30:17"
665,85712,"aprovado",17.00,0.00,"2014-05-25 23:06:02","2014-05-25 23:02:31"
666,85713,"aprovado",8.00,0.00,"2014-05-25 23:09:02","2014-05-25 23:05:02"
667,85717,"aprovado",2123.22,0.00,"2014-05-25 23:30:05","2014-05-25 23:26:00"
668,85718,"aprovado",75.00,0.00,"2014-05-26 09:26:18","2014-05-26 09:22:33"
669,85662,"aprovado",150.00,0.00,"2014-05-26 10:39:14","2014-05-26 09:35:50"
670,85661,"aprovado",8.00,0.00,"2014-05-26 10:39:14","2014-05-26 09:36:10"
671,85689,"cancelado",509.82,0.00,"2014-05-26 11:00:43","2014-05-26 11:00:43"
672,85733,"aprovado",200.00,0.00,"2014-05-26 13:57:23","2014-05-26 13:53:37"
673,85734,"aprovado",2123.22,0.00,"2014-05-26 15:36:27","2014-05-26 15:32:31"
674,85735,"aprovado",362.60,0.00,"2014-05-26 15:53:28","2014-05-26 15:50:05"
675,85737,"aprovado",185.31,0.00,"2014-05-26 16:01:24","2014-05-26 15:57:23"
676,85739,"aprovado",199.00,0.00,"2014-05-28 17:23:44","2014-05-26 18:52:34"
677,85740,"aprovado",370.68,0.00,"2014-05-26 19:20:34","2014-05-26 19:16:28"
678,85741,"aprovado",330.24,0.00,"2014-05-26 20:26:31","2014-05-26 20:22:30"
679,85743,"aprovado",341.61,0.00,"2014-05-26 20:44:32","2014-05-26 20:41:04"
680,85744,"aprovado",209.00,0.00,"2014-05-26 21:43:34","2014-05-26 21:39:51"
681,85745,"aprovado",1013.46,0.00,"2014-06-17 15:12:57","2014-05-26 22:36:33"
682,85653,"aprovado",1398.00,0.00,"2014-05-27 07:06:08","2014-05-27 07:06:08"
683,85709,"aprovado",17.00,0.00,"2014-05-27 07:06:37","2014-05-27 07:06:37"
684,85710,"aprovado",10.00,0.00,"2014-05-27 07:06:38","2014-05-27 07:06:38"
685,85751,"aprovado",200.00,0.00,"2014-05-27 08:23:50","2014-05-27 08:19:52"
686,85754,"aprovado",1093.30,0.00,"2014-05-27 12:08:56","2014-05-27 12:04:52"
687,85732,"aprovado",1196.00,0.00,"2014-05-27 12:09:56","2014-05-27 12:06:11"
688,85727,"aprovado",796.00,0.00,"2014-05-27 12:09:56","2014-05-27 12:06:29"
689,84008,"cancelado",1478.52,0.00,"2014-05-27 12:31:21","2014-05-27 12:31:21"
690,85757,"aprovado",3514.90,0.00,"2014-05-29 11:29:13","2014-05-27 13:17:53"
691,85758,"aprovado",265.56,0.00,"2014-05-27 13:49:54","2014-05-27 13:46:49"
692,85464,"aprovado",120.00,0.00,"2014-05-27 14:00:35","2014-05-27 14:00:35"
693,85486,"aprovado",280.00,0.00,"2014-05-27 14:13:39","2014-05-27 14:13:39"
694,85770,"aprovado",251.60,0.00,"2014-05-27 16:32:59","2014-05-27 16:29:54"
695,85771,"aprovado",1551.78,0.00,"2014-05-27 16:45:58","2014-05-27 16:42:20"
696,85772,"aprovado",491.00,0.00,"2014-05-27 16:50:00","2014-05-27 16:45:56"
697,85773,"aprovado",1455.12,0.00,"2014-05-27 17:27:59","2014-05-27 17:24:17"
698,85774,"aprovado",17.00,0.00,"2014-05-27 17:30:59","2014-05-27 17:27:36"
699,85779,"aprovado",8.00,0.00,"2014-05-27 18:06:59","2014-05-27 18:03:05"
700,85777,"aprovado",75.00,0.00,"2014-05-27 18:06:58","2014-05-27 18:03:25"
701,85775,"aprovado",25.00,0.00,"2014-05-27 18:06:58","2014-05-27 18:03:43"
702,85358,"cancelado",491.00,0.00,"2014-05-27 18:05:31","2014-05-27 18:05:31"
703,85359,"cancelado",538.40,0.00,"2014-05-27 18:05:59","2014-05-27 18:05:59"
704,85780,"aprovado",3514.90,0.00,"2014-05-27 22:17:10","2014-05-27 22:13:24"
705,85781,"aprovado",186.33,0.00,"2014-05-27 22:57:09","2014-05-27 22:53:20"
706,85782,"aprovado",17.00,0.00,"2014-05-27 23:13:09","2014-05-27 23:09:14"
707,85783,"aprovado",10.00,0.00,"2014-05-27 23:21:07","2014-05-27 23:17:08"
708,85784,"aprovado",329.60,0.00,"2014-05-27 23:39:08","2014-05-27 23:35:07"
709,85788,"aprovado",217.38,0.00,"2014-05-28 09:46:33","2014-05-28 09:43:01"
710,85796,"aprovado",25.00,0.00,"2014-06-10 18:22:32","2014-05-28 11:51:00"
711,85802,"aprovado",521.52,0.00,"2014-05-28 13:50:28","2014-05-28 13:46:42"
712,85605,"cancelado",3610.20,0.00,"2014-05-28 14:30:42","2014-05-28 14:30:42"
713,85649,"cancelado",1754.70,0.00,"2014-05-28 16:15:34","2014-05-28 16:15:34"
714,85627,"cancelado",1380.78,0.00,"2014-05-28 16:23:06","2014-05-28 16:23:06"
715,85739,"cancelado",199.00,0.00,"2014-05-28 17:23:44","2014-05-28 17:23:44"
716,85808,"aprovado",119.00,0.00,"2014-05-28 21:52:44","2014-05-28 21:49:05"
717,85809,"aprovado",17.00,0.00,"2014-05-28 22:02:48","2014-05-28 21:59:12"
718,85810,"aprovado",186.33,0.00,"2014-05-28 22:21:46","2014-05-28 22:18:20"
719,85753,"aprovado",370.00,0.00,"2014-05-29 07:05:14","2014-05-29 07:05:14"
720,85816,"aprovado",499.00,0.00,"2014-05-29 09:29:59","2014-05-29 09:25:57"
721,85757,"cancelado",3514.90,0.00,"2014-05-29 11:29:13","2014-05-29 11:29:13"
722,85821,"aprovado",217.38,0.00,"2014-05-29 12:34:28","2014-05-29 12:30:33"
723,85822,"aprovado",329.60,0.00,"2014-05-29 12:38:18","2014-05-29 12:34:54"
724,85824,"aprovado",124.23,0.00,"2014-05-29 12:43:16","2014-05-29 12:39:56"
725,85827,"aprovado",309.54,0.00,"2014-05-29 12:59:30","2014-05-29 12:55:54"
726,84922,"cancelado",1317.40,0.00,"2014-05-29 16:37:55","2014-05-29 16:37:55"
727,85830,"aprovado",491.00,0.00,"2014-05-29 17:21:15","2014-05-29 17:18:02"
728,85831,"aprovado",4245.36,0.00,"2014-05-29 19:22:17","2014-05-29 19:18:19"
729,85832,"aprovado",10.00,0.00,"2014-05-29 21:30:23","2014-05-29 21:26:53"
730,85833,"aprovado",300.00,0.00,"2014-05-29 23:27:26","2014-05-29 23:23:30"
731,85800,"aprovado",499.00,0.00,"2014-05-30 07:02:11","2014-05-30 07:02:11"
732,85801,"aprovado",209.00,0.00,"2014-05-30 07:02:12","2014-05-30 07:02:12"
733,85837,"aprovado",297.42,0.00,"2014-05-30 11:13:47","2014-05-30 11:10:02"
734,85838,"aprovado",25.00,0.00,"2014-05-30 11:15:47","2014-05-30 11:11:51"
735,85849,"aprovado",299.00,0.00,"2014-05-30 12:07:40","2014-05-30 12:04:01"
736,85851,"aprovado",299.00,0.00,"2014-05-30 12:26:42","2014-05-30 12:23:03"
737,85852,"aprovado",299.00,0.00,"2014-05-30 13:39:46","2014-05-30 13:35:57"
738,85854,"aprovado",223.02,0.00,"2014-05-30 14:52:44","2014-05-30 14:48:52"
739,85858,"aprovado",318.66,0.00,"2014-05-30 15:05:44","2014-05-30 15:02:18"
740,85860,"aprovado",690.00,0.00,"2014-05-30 15:11:45","2014-05-30 15:08:29"
741,85861,"aprovado",307.70,0.00,"2014-05-30 15:20:42","2014-05-30 15:16:41"
742,85870,"aprovado",179.00,0.00,"2014-05-30 16:49:49","2014-05-30 16:46:35"
743,85819,"aprovado",1397.00,0.00,"2014-05-31 07:03:01","2014-05-31 07:03:01"
744,85829,"aprovado",25.00,0.00,"2014-05-31 07:03:15","2014-05-31 07:03:15"
745,85869,"aprovado",250.00,0.00,"2014-05-31 07:04:12","2014-05-31 07:04:12"
746,85875,"aprovado",249.00,0.00,"2014-05-31 07:04:18","2014-05-31 07:04:18"
747,85879,"aprovado",508.29,0.00,"2014-06-10 18:23:26","2014-05-31 14:25:16"
748,85884,"aprovado",75.00,0.00,"2014-05-31 20:41:23","2014-05-31 20:37:37"
749,85885,"aprovado",1036.62,0.00,"2014-05-31 20:53:25","2014-05-31 20:49:43"
750,85887,"aprovado",446.10,0.00,"2014-06-01 00:00:26","2014-05-31 23:56:54"
751,85890,"aprovado",35.00,0.00,"2014-06-01 12:48:49","2014-06-01 12:44:41"
752,85891,"aprovado",539.50,0.00,"2014-06-04 16:32:18","2014-06-01 13:03:53"
753,85893,"aprovado",289.00,0.00,"2014-06-01 17:21:50","2014-06-01 17:18:44"
754,85894,"aprovado",300.21,0.00,"2014-06-01 21:31:57","2014-06-01 21:28:03"
755,85895,"aprovado",2196.40,0.00,"2014-06-01 21:35:56","2014-06-01 21:32:13"
756,85896,"aprovado",2397.00,0.00,"2014-06-01 22:53:58","2014-06-01 22:49:59"
757,85897,"aprovado",1656.33,0.00,"2014-06-02 00:07:58","2014-06-02 00:04:11"
758,85900,"aprovado",998.00,0.00,"2014-06-02 13:24:14","2014-06-02 13:20:24"
759,85902,"aprovado",464.82,0.00,"2014-06-02 14:24:22","2014-06-02 14:21:06"
760,85903,"aprovado",18.00,0.00,"2014-06-02 16:43:18","2014-06-02 16:39:31"
761,85908,"aprovado",1206.40,0.00,"2014-06-02 17:04:21","2014-06-02 17:00:51"
762,85909,"aprovado",358.00,0.00,"2014-06-02 18:06:23","2014-06-02 18:02:47"
763,85910,"aprovado",1552.80,0.00,"2014-06-02 18:42:21","2014-06-02 18:38:28"
764,85911,"aprovado",25.00,0.00,"2014-06-02 19:47:21","2014-06-02 19:44:08"
765,85912,"aprovado",155.28,0.00,"2014-06-02 19:49:30","2014-06-02 19:46:01"
766,85913,"aprovado",45.00,0.00,"2014-06-02 19:53:26","2014-06-02 19:49:38"
767,85914,"aprovado",77.64,0.00,"2014-06-02 19:53:28","2014-06-02 19:50:16"
768,85915,"aprovado",248.46,0.00,"2014-06-02 21:22:28","2014-06-02 21:18:40"
769,85917,"aprovado",75.00,0.00,"2014-06-02 21:31:27","2014-06-02 21:27:36"
770,85921,"aprovado",372.50,0.00,"2014-06-02 23:13:30","2014-06-02 23:10:16"
771,85839,"aprovado",199.00,0.00,"2014-06-03 07:02:49","2014-06-03 07:02:49"
772,85840,"aprovado",199.00,0.00,"2014-06-03 07:02:50","2014-06-03 07:02:50"
773,85845,"aprovado",10.00,0.00,"2014-06-03 07:02:50","2014-06-03 07:02:50"
774,85846,"aprovado",17.00,0.00,"2014-06-03 07:02:51","2014-06-03 07:02:51"
775,85864,"aprovado",25.00,0.00,"2014-06-03 09:07:38","2014-06-03 09:03:46"
776,85931,"aprovado",369.00,0.00,"2014-06-03 13:52:46","2014-06-03 13:48:47"
777,85932,"aprovado",26.00,0.00,"2014-06-03 14:28:49","2014-06-03 14:25:12"
778,85933,"aprovado",1315.20,0.00,"2014-06-03 14:45:50","2014-06-03 14:42:38"
779,85934,"aprovado",331.26,0.00,"2014-06-03 15:43:53","2014-06-03 15:40:12"
780,85936,"aprovado",239.00,0.00,"2014-06-03 16:56:53","2014-06-03 16:53:34"
781,85938,"aprovado",2225.16,0.00,"2014-06-03 21:08:04","2014-06-03 21:04:28"
782,85919,"aprovado",330.00,0.00,"2014-06-04 07:04:36","2014-06-04 07:04:36"
783,85930,"aprovado",250.00,0.00,"2014-06-04 07:04:44","2014-06-04 07:04:44"
784,85944,"aprovado",78.69,0.00,"2014-06-04 08:52:22","2014-06-04 08:48:21"
785,85945,"aprovado",1552.80,0.00,"2014-06-10 18:24:44","2014-06-04 09:46:51"
786,85953,"aprovado",249.00,0.00,"2014-06-04 14:01:26","2014-06-04 13:57:31"
787,85955,"aprovado",217.38,0.00,"2014-06-04 14:40:26","2014-06-04 14:37:18"
788,85956,"aprovado",507.24,0.00,"2014-06-04 15:18:30","2014-06-04 15:15:11"
789,85968,"aprovado",329.00,0.00,"2014-06-04 20:28:40","2014-06-04 20:25:16"
790,85969,"aprovado",258.81,0.00,"2014-06-04 20:29:41","2014-06-04 20:26:28"
791,85970,"aprovado",1198.00,0.00,"2014-06-04 20:40:41","2014-06-04 20:37:29"
792,85972,"aprovado",600.00,0.00,"2014-06-04 23:25:42","2014-06-04 23:21:53"
793,85974,"aprovado",600.00,0.00,"2014-06-04 23:31:40","2014-06-04 23:28:02"
794,85976,"aprovado",25.00,0.00,"2014-06-05 00:13:47","2014-06-05 00:10:17"
795,85978,"aprovado",1077.90,0.00,"2014-06-05 10:43:59","2014-06-05 10:40:40"
796,85979,"aprovado",35.00,0.00,"2014-06-05 11:12:59","2014-06-05 11:09:47"
797,85967,"aprovado",1077.90,0.00,"2014-06-16 14:55:03","2014-06-05 13:34:35"
798,85963,"aprovado",300.00,0.00,"2014-06-05 13:38:58","2014-06-05 13:35:12"
799,85981,"aprovado",310.56,0.00,"2014-06-05 14:18:03","2014-06-05 14:14:50"
800,85982,"aprovado",318.66,0.00,"2014-06-05 14:26:03","2014-06-05 14:21:59"
801,85989,"aprovado",329.60,0.00,"2014-06-05 14:41:03","2014-06-05 14:37:35"
802,85993,"aprovado",17.00,0.00,"2014-06-05 16:14:13","2014-06-05 16:10:36"
803,85996,"aprovado",320.00,0.00,"2014-06-05 21:18:16","2014-06-05 21:14:45"
804,86000,"aprovado",384.60,0.00,"2014-06-05 22:00:28","2014-06-05 21:56:44"
805,86002,"aprovado",258.81,0.00,"2014-06-05 23:40:20","2014-06-05 23:36:53"
806,85980,"aprovado",299.00,0.00,"2014-06-06 07:07:19","2014-06-06 07:07:19"
807,86003,"aprovado",1207.50,0.00,"2014-06-06 07:43:31","2014-06-06 07:40:01"
808,86006,"aprovado",598.00,0.00,"2014-06-18 13:40:12","2014-06-06 11:39:50"
809,86007,"aprovado",329.60,0.00,"2014-06-06 12:02:42","2014-06-06 11:59:04"
810,86008,"aprovado",299.00,0.00,"2014-06-06 12:03:44","2014-06-06 12:00:13"
811,86011,"aprovado",200.00,0.00,"2014-06-06 15:12:50","2014-06-06 15:08:59"
812,86019,"aprovado",424.44,0.00,"2014-06-06 21:05:56","2014-06-06 21:02:02"
813,86022,"aprovado",699.00,0.00,"2014-06-06 22:25:02","2014-06-06 22:21:10"
814,86025,"aprovado",1427.30,0.00,"2014-06-06 22:32:01","2014-06-06 22:28:42"
815,86026,"aprovado",321.00,0.00,"2014-06-06 23:49:00","2014-06-06 23:45:33"
816,86027,"aprovado",424.44,0.00,"2014-06-07 09:33:22","2014-06-07 09:29:51"
817,86028,"aprovado",1098.80,0.00,"2014-06-07 15:12:29","2014-06-07 15:09:24"
818,86029,"aprovado",891.00,0.00,"2014-06-07 15:22:29","2014-06-07 15:18:50"
819,86030,"aprovado",2196.40,0.00,"2014-06-07 19:22:35","2014-06-07 19:18:47"
820,86035,"aprovado",604.30,0.00,"2014-06-08 09:25:54","2014-06-08 09:21:53"
821,86036,"aprovado",1999.00,0.00,"2014-06-08 11:55:57","2014-06-08 11:52:04"
822,86037,"aprovado",217.38,0.00,"2014-06-08 13:55:01","2014-06-08 13:51:10"
823,86038,"aprovado",520.44,0.00,"2014-06-08 14:01:01","2014-06-08 13:57:06"
824,86040,"aprovado",549.40,0.00,"2014-06-11 14:49:39","2014-06-08 16:45:52"
825,86044,"aprovado",1097.70,0.00,"2014-06-11 14:49:27","2014-06-08 17:03:34"
826,86046,"aprovado",1207.50,0.00,"2014-06-08 20:35:20","2014-06-08 20:31:48"
827,86047,"aprovado",200.00,0.00,"2014-06-08 21:49:23","2014-06-08 21:45:26"
828,86052,"aprovado",1271.40,0.00,"2014-06-09 10:50:31","2014-06-09 10:47:23"
829,86056,"aprovado",1097.70,0.00,"2014-06-09 11:50:40","2014-06-09 11:47:26"
830,86041,"aprovado",10.00,0.00,"2014-06-09 12:12:30","2014-06-09 12:08:42"
831,86058,"aprovado",349.44,0.00,"2014-06-09 12:45:33","2014-06-09 12:41:42"
832,86061,"aprovado",1344.72,0.00,"2014-06-09 15:34:46","2014-06-09 15:30:41"
833,86064,"aprovado",75.00,0.00,"2014-06-09 15:49:44","2014-06-09 15:46:08"
834,86068,"aprovado",210.00,0.00,"2014-06-09 18:30:50","2014-06-09 18:26:56"
835,86069,"aprovado",362.31,0.00,"2014-06-11 10:32:48","2014-06-09 20:18:07"
836,86071,"aprovado",180.00,0.00,"2014-06-09 23:16:55","2014-06-09 23:13:45"
837,86021,"aprovado",289.00,0.00,"2014-06-10 07:09:42","2014-06-10 07:09:42"
838,86031,"aprovado",2397.00,0.00,"2014-06-10 07:09:55","2014-06-10 07:09:55"
839,86032,"aprovado",18.00,0.00,"2014-06-10 07:09:56","2014-06-10 07:09:56"
840,86033,"aprovado",36.00,0.00,"2014-06-10 07:09:57","2014-06-10 07:09:57"
841,86034,"aprovado",76.00,0.00,"2014-06-10 07:09:57","2014-06-10 07:09:57"
842,86053,"aprovado",17.00,0.00,"2014-06-10 07:10:16","2014-06-10 07:10:16"
843,86054,"aprovado",9.00,0.00,"2014-06-10 07:10:17","2014-06-10 07:10:17"
844,86057,"aprovado",1599.00,0.00,"2014-06-10 07:10:39","2014-06-10 07:10:39"
845,86062,"aprovado",20.00,0.00,"2014-06-10 07:10:51","2014-06-10 07:10:51"
846,86072,"aprovado",699.00,0.00,"2014-06-10 09:37:15","2014-06-10 09:34:05"
847,86074,"aprovado",299.00,0.00,"2014-06-11 15:01:50","2014-06-10 10:14:39"
848,86078,"aprovado",600.00,0.00,"2014-06-10 11:29:13","2014-06-10 11:25:46"
849,86079,"aprovado",341.61,0.00,"2014-06-10 13:28:19","2014-06-10 13:24:45"
850,86080,"aprovado",516.57,0.00,"2014-06-10 13:54:19","2014-06-10 13:50:28"
851,86081,"aprovado",308.04,0.00,"2014-06-10 14:03:19","2014-06-10 13:59:29"
852,86082,"aprovado",300.21,0.00,"2014-06-10 17:37:25","2014-06-10 17:34:05"
853,85403,"cancelado",497.94,0.00,"2014-06-10 18:18:34","2014-06-10 18:18:34"
854,85796,"cancelado",25.00,0.00,"2014-06-10 18:22:32","2014-06-10 18:22:32"
855,85879,"cancelado",508.29,0.00,"2014-06-10 18:23:26","2014-06-10 18:23:26"
856,85945,"cancelado",1552.80,0.00,"2014-06-10 18:24:44","2014-06-10 18:24:44"
857,86085,"aprovado",658.20,0.00,"2014-06-10 19:42:33","2014-06-10 19:39:08"
858,86086,"aprovado",658.20,0.00,"2014-06-10 19:45:31","2014-06-10 19:41:43"
859,86087,"aprovado",621.12,0.00,"2014-06-10 22:26:32","2014-06-10 22:23:09"
860,86088,"aprovado",422.70,0.00,"2014-06-10 23:05:37","2014-06-10 23:02:17"
861,86089,"aprovado",1447.20,0.00,"2014-06-10 23:08:34","2014-06-10 23:04:48"
862,86091,"aprovado",350.00,0.00,"2014-06-10 23:38:37","2014-06-10 23:35:31"
863,86092,"aprovado",583.14,0.00,"2014-06-11 00:01:36","2014-06-10 23:58:13"
864,86069,"cancelado",362.31,0.00,"2014-06-11 10:32:48","2014-06-11 10:32:48"
865,86094,"aprovado",699.00,0.00,"2014-06-11 10:50:55","2014-06-11 10:47:35"
866,86096,"aprovado",34.00,0.00,"2014-06-11 11:31:53","2014-06-11 11:28:33"
867,86097,"aprovado",420.00,0.00,"2014-06-11 13:06:55","2014-06-11 13:03:06"
868,86104,"aprovado",2895.45,0.00,"2014-06-11 14:25:58","2014-06-11 14:22:39"
869,86105,"aprovado",2304.10,0.00,"2014-06-11 14:31:57","2014-06-11 14:28:00"
870,86044,"cancelado",1097.70,0.00,"2014-06-11 14:49:27","2014-06-11 14:49:27"
871,86040,"cancelado",549.40,0.00,"2014-06-11 14:49:39","2014-06-11 14:49:39"
872,86074,"cancelado",299.00,0.00,"2014-06-11 15:01:50","2014-06-11 15:01:50"
873,86107,"aprovado",1484.88,0.00,"2014-06-11 16:16:02","2014-06-11 16:12:33"
875,86112,"aprovado",659.00,0.00,"2014-06-11 18:50:06","2014-06-11 18:46:55"
876,86113,"aprovado",289.00,0.00,"2014-06-11 19:52:04","2014-06-11 19:48:50"
877,86119,"aprovado",20.00,0.00,"2014-06-11 20:31:08","2014-06-11 20:27:50"
878,86073,"aprovado",26.00,0.00,"2014-06-12 07:06:28","2014-06-12 07:06:28"
879,86075,"aprovado",10.00,0.00,"2014-06-12 07:06:28","2014-06-12 07:06:28"
880,86090,"aprovado",490.00,0.00,"2014-06-12 07:06:40","2014-06-12 07:06:40"
881,86106,"aprovado",141.00,349.00,"2014-06-12 07:06:56","2014-06-12 07:06:56"
882,86120,"aprovado",227.73,0.00,"2014-06-12 10:12:28","2014-06-12 10:09:15"
883,86121,"aprovado",248.46,0.00,"2014-06-12 10:33:34","2014-06-12 10:29:42"
884,86122,"aprovado",240.00,0.00,"2014-06-12 10:43:30","2014-06-12 10:39:44"
885,86124,"aprovado",445.14,0.00,"2014-06-12 11:42:30","2014-06-12 11:38:49"
887,86135,"aprovado",381.99,0.00,"2014-06-12 22:51:47","2014-06-12 22:48:29"
894,86125,"aprovado",700.00,0.00,"2014-06-13 07:05:13","2014-06-13 07:05:13"
895,86169,"aprovado",444.09,0.00,"2014-06-13 07:55:05","2014-06-13 07:51:45"
896,86170,"aprovado",25.00,0.00,"2014-06-13 09:52:04","2014-06-13 09:48:08"
897,86171,"aprovado",30.00,0.00,"2014-06-13 09:57:06","2014-06-13 09:53:16"
898,86173,"aprovado",700.00,0.00,"2014-06-13 14:54:19","2014-06-13 14:51:08"
899,86174,"aprovado",1485.90,0.00,"2014-06-13 16:26:22","2014-06-13 16:22:55"
900,86175,"aprovado",600.42,0.00,"2014-06-13 17:06:23","2014-06-13 17:02:56"
901,86177,"aprovado",25.00,0.00,"2014-06-13 20:56:28","2014-06-13 20:52:46"
902,86130,"aprovado",350.00,0.00,"2014-06-14 07:11:07","2014-06-14 07:11:07"
903,86179,"aprovado",77.64,0.00,"2014-06-14 09:45:48","2014-06-14 09:42:09"
904,86180,"aprovado",35.00,0.00,"2014-06-14 09:51:48","2014-06-14 09:47:52"
905,86181,"aprovado",742.44,0.00,"2014-06-14 15:18:57","2014-06-14 15:15:08"
906,86183,"aprovado",406.50,0.00,"2014-06-14 19:14:12","2014-06-14 19:10:45"
907,86185,"aprovado",491.00,0.00,"2014-06-14 21:07:06","2014-06-14 21:03:17"
908,86187,"aprovado",658.20,0.00,"2014-06-14 21:27:07","2014-06-14 21:23:11"
909,86200,"aprovado",17.00,0.00,"2014-06-15 10:46:21","2014-06-15 10:42:38"
910,86202,"aprovado",5272.90,0.00,"2014-06-15 18:27:35","2014-06-15 18:24:02"
911,86203,"aprovado",455.64,0.00,"2014-06-15 21:59:42","2014-06-15 21:56:02"
912,86205,"aprovado",17.00,0.00,"2014-06-16 09:04:59","2014-06-16 09:01:19"
913,86206,"aprovado",340.59,0.00,"2014-06-16 11:48:07","2014-06-16 11:44:29"
914,86208,"aprovado",340.59,0.00,"2014-06-16 12:18:05","2014-06-16 12:14:05"
915,86210,"aprovado",1996.00,0.00,"2014-06-16 12:57:10","2014-06-16 12:53:12"
916,85967,"cancelado",1077.90,0.00,"2014-06-16 14:55:03","2014-06-16 14:55:03"
917,86212,"aprovado",4759.86,0.00,"2014-06-16 17:11:13","2014-06-16 17:07:40"
918,86220,"aprovado",507.24,0.00,"2014-06-16 19:37:16","2014-06-16 19:33:37"
919,86223,"aprovado",847.56,0.00,"2014-06-16 20:23:18","2014-06-16 20:19:17"
920,86228,"aprovado",26.00,0.00,"2014-06-16 22:20:22","2014-06-16 22:16:26"
921,86229,"aprovado",36.00,0.00,"2014-06-16 22:37:24","2014-06-16 22:34:01"
922,86230,"aprovado",38.00,0.00,"2014-06-16 22:44:28","2014-06-16 22:40:33"
923,86172,"aprovado",370.00,0.00,"2014-06-17 07:09:58","2014-06-17 07:09:58"
924,86176,"aprovado",369.00,0.00,"2014-06-17 07:10:03","2014-06-17 07:10:03"
925,86184,"aprovado",230.00,0.00,"2014-06-17 07:10:09","2014-06-17 07:10:09"
926,86186,"aprovado",599.00,0.00,"2014-06-17 07:10:10","2014-06-17 07:10:10"
927,86204,"aprovado",299.00,0.00,"2014-06-17 07:10:17","2014-06-17 07:10:17"
928,86209,"aprovado",599.00,0.00,"2014-06-17 07:10:29","2014-06-17 07:10:29"
929,86211,"aprovado",76.00,0.00,"2014-06-17 07:10:34","2014-06-17 07:10:34"
930,86232,"aprovado",300.21,0.00,"2014-06-17 10:15:48","2014-06-17 10:12:13"
931,86237,"aprovado",299.00,0.00,"2014-06-17 11:51:01","2014-06-17 11:47:04"
932,85535,"cancelado",529.98,0.00,"2014-06-17 14:29:11","2014-06-17 14:29:11"
933,86241,"aprovado",289.00,0.00,"2014-06-17 18:12:52","2014-06-17 18:09:05"
934,86243,"aprovado",507.24,0.00,"2014-06-17 19:12:54","2014-06-17 19:08:54"
935,86246,"aprovado",2069.37,0.00,"2014-06-18 12:29:38","2014-06-18 12:25:55"
936,86247,"aprovado",766.05,0.00,"2014-06-18 12:55:38","2014-06-18 12:51:58"
937,86248,"aprovado",17.00,0.00,"2014-06-18 13:32:41","2014-06-18 13:29:29"
938,86006,"cancelado",598.00,0.00,"2014-06-18 13:40:12","2014-06-18 13:40:12"
939,86249,"aprovado",2760.48,0.00,"2014-06-18 17:26:47","2014-06-18 17:23:12"
940,86250,"aprovado",383.01,0.00,"2014-06-18 20:24:54","2014-06-18 20:21:27"
941,86251,"aprovado",1077.90,0.00,"2014-06-18 20:24:55","2014-06-18 20:21:38"
942,86253,"aprovado",229.00,0.00,"2014-06-19 13:51:33","2014-06-19 13:48:08"
943,86254,"aprovado",698.00,0.00,"2014-06-19 15:26:29","2014-06-19 15:23:13"
944,86257,"aprovado",1273.50,0.00,"2014-06-19 16:50:35","2014-06-19 16:46:41"
945,86258,"aprovado",383.01,0.00,"2014-06-19 19:51:36","2014-06-19 19:47:53"
946,86263,"aprovado",306.96,0.00,"2014-06-20 10:08:53","2014-06-20 10:04:55"
947,86265,"aprovado",233.64,0.00,"2014-06-20 11:13:54","2014-06-20 11:10:22"
948,86266,"aprovado",1447.20,0.00,"2014-06-20 12:04:54","2014-06-20 12:01:04"
949,86268,"aprovado",76.00,0.00,"2014-06-20 12:38:59","2014-06-20 12:35:43"
950,86269,"aprovado",10.00,0.00,"2014-06-20 12:42:55","2014-06-20 12:39:03"
951,86272,"aprovado",461.70,0.00,"2014-06-20 13:27:57","2014-06-20 13:24:28"
952,86273,"aprovado",460.68,0.00,"2014-06-20 14:37:03","2014-06-20 14:33:57"
953,86274,"aprovado",768.00,0.00,"2014-06-20 14:57:02","2014-06-20 14:53:17"
954,86277,"aprovado",1206.40,0.00,"2014-06-20 17:29:08","2014-06-20 17:25:58"
955,86280,"aprovado",722.58,0.00,"2014-06-20 20:27:12","2014-06-20 20:23:16"
956,86282,"aprovado",4598.00,0.00,"2014-06-20 21:41:14","2014-06-20 21:37:35"
957,86260,"aprovado",370.00,0.00,"2014-06-21 07:15:15","2014-06-21 07:15:15"
958,86262,"aprovado",3997.00,0.00,"2014-06-21 07:15:16","2014-06-21 07:15:16"
959,86281,"aprovado",349.00,0.00,"2014-06-21 07:15:32","2014-06-21 07:15:32"
960,86286,"aprovado",219.80,0.00,"2014-06-21 10:09:38","2014-06-21 10:05:38"
961,86288,"aprovado",263.70,0.00,"2014-06-21 11:48:43","2014-06-21 11:44:38"
962,86289,"aprovado",200.00,0.00,"2014-06-21 12:04:42","2014-06-21 12:00:49"
963,86290,"aprovado",195.66,0.00,"2014-06-21 12:28:41","2014-06-21 12:24:51"
964,86291,"aprovado",240.00,0.00,"2014-06-21 12:34:43","2014-06-21 12:30:53"
965,86292,"aprovado",510.90,0.00,"2014-06-21 14:57:47","2014-06-21 14:54:28"
966,86293,"aprovado",1999.00,0.00,"2014-06-21 16:36:51","2014-06-21 16:33:31"
967,86295,"aprovado",369.00,0.00,"2014-06-21 20:25:57","2014-06-21 20:22:11"
968,86297,"aprovado",220.00,0.00,"2014-06-21 22:04:02","2014-06-21 22:00:53"
969,86298,"aprovado",250.00,0.00,"2014-06-22 00:01:04","2014-06-21 23:57:09"
970,86300,"aprovado",76.00,0.00,"2014-06-22 18:37:24","2014-06-22 18:34:19"
971,86252,"aprovado",424.86,0.00,"2014-06-22 19:47:24","2014-06-22 19:44:13"
972,86301,"aprovado",393.00,0.00,"2014-06-22 19:56:27","2014-06-22 19:53:07"
973,86227,"aprovado",423.78,0.00,"2014-06-22 20:12:25","2014-06-22 20:09:22"
974,86302,"aprovado",223.02,0.00,"2014-06-22 20:32:29","2014-06-22 20:29:08"
975,86303,"aprovado",1655.28,0.00,"2014-06-22 21:07:29","2014-06-22 21:03:55"
976,86279,"aprovado",414.09,0.00,"2014-06-22 21:58:28","2014-06-22 21:55:21"
977,86304,"aprovado",17.00,0.00,"2014-06-22 23:22:32","2014-06-22 23:18:36"
978,86307,"aprovado",75.00,0.00,"2014-06-22 23:33:33","2014-06-22 23:29:33"
979,86308,"aprovado",2196.40,0.00,"2014-06-22 23:54:31","2014-06-22 23:50:40"
